code,preacher,bkno,book,chapter,verse,headerVerse,title,date
010001,張慕皚博士,46,哥林多前書,13,13:6,6,愛不喜歡不義，只喜歡真理 (1) ,2012-06-10
010002,羅錫堅牧師,1,創世記,28,28:10-22,10,雅各的異夢,2012-06-10
010003,梁譽豪牧師,43,約翰福音,4,4:1-30,1,點只好水咁簡單,2012-06-03
010004,羅劍輝牧師,27,詩篇,16,16:1-11,1,投靠神，得安穩,2012-06-10
010005,姚紀星牧師,42,路加福音,15,15:1-10,1,失而復得，滿載喜樂,2012-06-10
010006,羅錫為牧師,43,約翰福音,4,4:19-26,19,跟隨耶穌敬拜,2012-06-10
010007,楊啟毅牧師,30,雅歌,4,4:1-10,1,與誰為友,2012-06-10
010008,俞大鳴牧師,33,傳道書,11,11:1-12:7,1,未雨綢繆,2012-06-10
010009,徐興言長老,59,雅各書,2,2:1-13,1,信心與偏心,2012-06-03
010010,徐興言長老,59,雅各書,2,2:14-26,14,信心與行動,2012-06-10
010011,余大器牧師,2,出埃及記,3,3:1-12,1,蒙召的人,2012-06-10
010012,何志滌牧師,2,出埃及記,20,20:16,16,十誡系列 (10) 用愛心說誠實話,2012-06-10
010013,曾玉興牧師,43,約翰福音,6,6:11,11,聖經中「喫」的教導,2012-05-27
010014,陳劍光牧師,67,,,,0,民間宗教現象 (1),
010015,陳劍光牧師,67,,,,0,民間宗教現象 (2),
010016,陳劍光牧師,67,,,,0,民間宗教現象 (3),
010017,陳劍光牧師,67,,,,0,民間宗教現象 (4),
010018,陳劍光牧師,67,,,,0,民間宗教現象 (5),
010019,邱志健牧師,2,出埃及記,15,15:11,11,成為榮耀的教會,2012-05-26
010020,邱志健牧師,49,以弗所書,5,5:21-27,21,耶路撒冷－－第一教會的典範,2012-05-27
010021,邱志健牧師,44,使徒行傳,2,2:42,42,理所當然的服事,2012-05-27
010022,邱志健牧師,67,,,,0,宣教使命的教會,2012-05-27
010023,邱志健牧師,40,馬太福音,5,5:13-16,13,人人宣教－－世上的鹽和光,2012-05-28
010024,柯慧雯傳道,27,詩篇,42,42:1-43:5,1,到聖山朝見神的路,2012-06-10
010025,梁炳剛傳道,33,傳道書,3,3:1-4:16,1,神掌萬事，人存敬畏,2012-06-17
010026,林偉傑牧師,26,瑪拉基書,4,4:1-6,1,為父的心歸向誰,2012-06-17
010027,方桂生牧師,55,提摩太後書,2,2:20-21,20,聖潔的教會,2012-06-17
010028,呂君望牧師,51,歌羅西書,2,2:8-15,8,要小心，慎防假冒,2012-06-17
010029,溫偉耀博士,5,申命記,11,11:18-25,18,以真理教導為本 (2),2012-06-17
010030,朱鏡明牧師,55,提摩太後書,3,3:1-17,1,末世父子情,2012-06-17
010031,梁永善牧師,42,路加福音,15,15:11-32,11,耶穌比喻系列 (2) 咫尺危情,2012-06-16
010032,黃紹權牧師,66,啟示錄,9,9:13-11:14,13,看見必成的事 (6) 認識一位既可施恩也是管治罪惡的神,2012-06-17
010033,張琳玲師母,27,詩篇,103,103:8-13,8,為父的心,2012-06-17
010034,李文芳牧師,54,提摩太前書,2,2:8,8,男兒當自強,2012-06-17
010035,梁永善牧師,58,希伯來書,12,12:5-12,5,再認父親,2012-06-17
010036,陳志成傳道,59,雅各書,5,5:8-18,8,憑信忍耐－－為你打開天窗,2012-06-17
010037,劉彤牧師,27,詩篇,3,3:3,3,危機時代的信仰生活,2012-06-17
010038,何志滌牧師,2,出埃及記,20,20:17,17,十誡系列 (11) 懂得滿足,2012-06-17
010039,司徒永富博士,42,路加福音,15,15:31-32,31,男人之苦,2012-06-17
010040,徐興言長老,59,雅各書,3,3:1-12,1,勒住舌頭做完全人,2012-06-17
010041,陳黃慧筠女士,67,,,,0,基督徒生命之陶造 (1) 生命的陶造與靈修神學,
010042,陳黃慧筠女士,67,,,,0,基督徒生命之陶造 (2) 性格的發展,
010043,陳黃慧筠女士,67,,,,0,基督徒生命之陶造 (3) 艾力信之成長理論 ,
010044,蘇穎睿牧師,1,創世記,4,4:1-17,1,男人，你在哪裏？,2012-06-16
010045,蘇穎睿牧師,27,詩篇,127,127:1-128:6,1,人到中年,2012-06-17
010046,馮大衛牧師,40,馬太福音,11,11:28,28,莫忘天上阿爸父恩深,2012-06-17
010047,李惠蓮傳道,49,以弗所書,6,6:1-4,1,教我如何更愛他,2012-06-16
010048,歐陽顏美琳師母,44,使徒行傳,15,15:12-1:14,12,同心容易，合意難？同心合意的禱告！,2012-06-17
010049,蔡陳艷婷師母,45,羅馬書,12,12:2,2,過期信徒,2012-06-22
010050,陳俊業 (Victor)牧師,37,尼希米記,5,5:14-19,14,尼希米記系列 (10) 真實本色 II,2012-06-17
010051,蘇穎智牧師,59,雅各書,1,1:5-12,5,勝過試煉和試探良方,2012-06-17
010052,梁燕城博士,67,,,,0,情之重尋,2012-06-17
010053,楊柏滿牧師,33,傳道書,5,5:1-20,1,「日光之下」抑或「在神手中」的敬拜？,2012-06-24
010054,陳黃慧筠女士,67,,,,0,基督徒生命之陶造 (4) 成熟面面觀與家庭的角色,
010055,蔡少琪牧師,43,約翰福音,21,21:14-22,14,你願一生事奉主嗎,2012-06-17
010056,湯寶源傳道,10,列王記上,22,22:1-25,1,上帝對亞哈的報應 (3) I ,2012-06-24
010057,俞大鳴牧師,29,約伯記,1,1:1-22,1,為何要信,2012-06-24
010059,林偉成牧師,59,雅各書,5,5:1-6,1,富者的危機,2012-06-24
010060,林玉英牧師,41,馬可福音,4,4:26-34,26,父親的心意,2012-06-17
010061,王家輝牧師,35,但以理書,1,1:8-16,8,職場對決－－立場堅定,2012-06-16
010062,林玉英牧師,29,約伯記,38,38:1-11,1,上帝終於開口回應,2012-06-23
010063,王家輝牧師,43,約翰福音,16,16:25-33,25, 放手，放心，信靠上帝,2012-06-24
010065,李偉建牧師,12,以賽亞書,26,26:8-14,8,祢在我這一生,2012-06-24
010066,潘智翔牧師,41,馬可福音,12,12:28-31,28,無心強化的問題,2012-06-24
010067,陳德蓉傳道,27,詩篇,127,127:3,3,富爸媽，富孩子,2012-06-24
010068,陳恩明牧師,27,詩篇,150,150:1-6,1,停不了的哈利路亞,2012-06-24
010069,蘇穎智牧師,2,出埃及記,35,35:4-33,4,我可以為神的殿獻上甚麼,2012-06-17
010070,歐陽兆棠傳道,40,馬太福音,18,18:19-20,19,親密守望，彼此代禱,2012-06-24
010071,林偉倫博士,43,約翰福音,10,10:10,10,豐盛人生的七大要訣 (2) 面對人生的態度,2012-06-24
010072,陳慧冰牧師,43,約翰福音,3,3:1-17,1,成為神的兒女,2012-06-03
010074,Rev. Rolf Uan Wollingen,44,使徒行傳,4,4:23-31,23,同心禱告的力量,2012-06-24
010075,邱梓亮牧師,44,使徒行傳,1,1:1-26,1,承接使命新一頁,2012-07-01
010076,蘇穎睿牧師,43,約翰福音,2,2:12-16,12,耶穌也火滾,2012-06-24
010077,楊柏滿牧師,33,傳道書,6,6:1-12,1,生命的迷思,2012-07-01
010078,陳黔開牧師,44,使徒行傳,2,2:37-47,37,我樂意迎向質與量的增長嗎,2012-07-01
010079,李惠儀牧師,54,提摩太前書,3,3:15,15,基督教信仰的真諦 (2) I 與人建立關愛的關係,2012-07-01
010080,蔡少琪牧師,45,羅馬書,12,12:14-21,14,祝福萬民的福音 (64) 只要祝福，以善勝惡,2012-07-01
010081,方桂生牧師,7,士師記,10,10:6-9,6,士師記系列 (6) 悲情士師耶弗他,2012-07-01
010082,陳志強牧師,44,使徒行傳,9,9:31-43,31,效法主,2012-07-01
010083,張賢才牧師,54,提摩太前書,1,1:12-17,12,奇異恩典,2012-07-01
010084,何家倫牧師,16,約珥書,2,2:1-2,1,神的作為何等奇妙,2012-07-01
010085,林海盛牧師,45,羅馬書,13,13:1-7,1,神所立的權柄,2012-07-01
010086,梁譽豪牧師,43,約翰福音,5,5:1-30,1,點只人子咁簡單 (1),2012-06-24
010087,李文芳牧師,41,馬可福音,5,5:25-34,25,耶穌身邊的三類人,2012-07-01
010088,陳黃慧筠女士,67,,,,0,基督徒生命之陶造 (5) 個人靈性與成聖,
010089,梁永善牧師,9,撒母耳記下,3,3:22-39,22,析讀大衛 (17) 偽政、政偽 II,2012-06-30
010090,姚紀星牧師,41,馬可福音,16,16:12-20,12,再思門徒與委身,2012-07-01
010091,楊啟毅牧師,47,哥林多後書,1,1:3-7,3,患難中的體會,2012-07-01
010092,劉彤牧師,6,約書亞記,14,14:12,12,主啊，將這山地給我,2012-07-01
010093,譚鄭綺雯傳道,2,出埃及記,4,4:2-5,2,用我手中杖,2012-07-01
010094,潘智翔牧師,31,路得記,1,1:16-17,16,鎖緊關係的秘訣,2012-07-01
010095,陳國添牧師,2,出埃及記,1,1:1-14,1,若世界棄絕我，那麼我又是誰,2012-06-10
010096,陳國添牧師,2,出埃及記,1,1:15-22,15,在危機中能找到上帝？,2012-06-24
010097,蘇穎智牧師,40,馬太福音,5,5:13-16,13,在世上作鹽和光,2012-06-24
010098,蘇穎智牧師,40,馬太福音,5,5:17-20,17,主基督與律法,2012-06-24
010099,湯寶源傳道,10,列王記上,22,22:26-40,26,上帝對亞哈的報應 (3) II ,2012-07-01
010100,陳黃慧筠女士,67,,,,0,基督徒生命之陶造 (7) 陶造的生命力與途徑,
010101,陳黃慧筠女士,67,,,,0,基督徒生命之陶造 (8) 屬靈的操練,
010102,鍾樹森牧師,47,哥林多後書,6,6:1-10,1,禮物 *,2012-07-01
010103,梁譽豪牧師,43,約翰福音,5,5:1-30,1,點只人子咁簡單 (2),2012-07-01
010104,羅泰然牧師,12,以賽亞書,43,43:16-21,16,神的新意思,2012-06-03
010105,余大器牧師,27,詩篇,33,33:12-22,12,美國是有福的,2012-07-01
010107,黃紹權牧師,67,,,,0,看見必成的事 (7) 時勢逆轉的時代終告來臨,2012-07-08
010108,劉思華牧師,43,約翰福音,1,1:1-18,1,我是誰,2012-07-08
010109,俞大鳴牧師,29,約伯記,2,2:1-13,1,說話的藝術,2012-07-08
010110,周健輝牧師,27,詩篇,16,16:11,11,不致後悔的決定,2012-07-08
010111,羅泰然牧師,6,約書亞記,3,3:1-6,1,走沒有走過的路,2012-06-17
010112,徐興言長老,59,雅各書,3,3:13-18,13,兩種智慧,2012-07-01
010114,朱鏡明牧師,42,路加福音,12,12:13-21,13,窮得只剩下錢,2012-07-08
010116,陳國添牧師,2,出埃及記,2,2:1-10,1,是誰掌管我們的人生,2012-07-08
010117,陳玉英牧師,44,使徒行傳,2,2:1-17,1,五旬節聖靈降臨的省思,2012-07-08
010118,劉彤牧師,49,以弗所書,5,5:15-21,15,保持聖靈充滿的生活,2012-07-08
010119,招世超牧師,31,路得記,1,1:21-22,21,天長地久的實現 (1) (粵),2012-07-08
010120,招世超牧師,31,路得記,1,1:21-22,21,天長地久的實現 (1) (普),2012-07-08
010121,林偉倫博士,59,雅各書,5,5:7,7,豐盛人生的七大要訣 (3) 毅力,2012-07-08
010122,唐志濠傳道,44,使徒行傳,8,8:4-26,4,同心合意，興旺福音,2012-07-08
010123,葉向榮傳道,27,詩篇,131,131:1-3,1,雄心、安心、盡心,2012-07-08
010124,王利民牧師,42,路加福音,9,9:23-24,23,如何建立合神心意的教會,2012-07-12
010125,周弘毅牧師,47,哥林多後書,12,12:7-10,7,軟弱裡顯剛強,2012-07-08
010126,夏偉鵬牧師,40,馬太福音,5,5:21-26,21,輕蔑、動怒、殺人,2012-07-01
010127,楊子江牧師,43,約翰福音,8,8:1-11,1,認識自己 *,2012-07-08
010129,蘇穎智牧師,40,馬太福音,5,5:21-26,21,「兇殺」睇真D！,2012-07-08
010130,蘇穎智牧師,40,馬太福音,5,5:27-32,27,謹防性的罪,2012-07-08
010131,俞大鳴牧師,29,約伯記,3,3:1-26,1,心靈的黑夜,2012-07-15
010132,王家輝牧師,37,尼希米記,5,5:6-19,6,為這城求領袖,2012-07-01
010133,高國雄牧師,47,哥林多後書,12,12:2-10,2,一個真正在基督裡的人,2012-07-07
010134,林玉英牧師,1,創世記,45,45:1-11,1,在風浪中成長,2012-07-08
010135,高國雄牧師,41,馬可福音,6,6:14-29,14,復活的約翰‧復活的基督,2012-07-15
010136,何家倫牧師,41,馬可福音,5,5:1-12,1,格拉森人帶來的啟示,2012-07-15
010137,溫偉耀博士,6,約書亞記,1,1:1-18,1,約書亞的召命,2012-07-15
010138,陳黃慧筠女士,67,,,,0,戀愛與交友 (1) 情為何物：友情、迷戀、愛情,
010139,陳黃慧筠女士,67,,,,0,戀愛與交友 (2) 婚前輔導與失戀處理,
010140,張賢才牧師,17,阿摩司書,5,5:21-27,21,徒然的敬拜,2012-07-15
010141,歐陽萬璋博士,46,哥林多前書,9,9:7-27,7,放棄權利，甘心事奉 (粵),2012-07-15
010142,歐陽萬璋博士,46,哥林多前書,9,9:7-27,7,放棄權利，甘心事奉 (普),2012-07-15
010143,黃嘉樂牧師,43,約翰福音,14,14:16-20,16,與我們同在的聖靈,2012-07-08
010144,方桂生牧師,66,啟示錄,1,1:4-6,4,神是昔在今在永在的神,2012-07-15
010145,楊漢義牧師,40,馬太福音,28,28:19-20,19,神學教育與我,2012-07-15
010146,蘇穎睿牧師,40,馬太福音,9,9:35-10:4,35,不是天生，乃屬製造,2012-07-08
010147,陸劍雄牧師,17,阿摩司書,1,1:1-2:3,1,為時代發聲,2012-07-15
010148,劉健仁傳道,46,哥林多前書,9,9:24-27,24,諸事都有節制,2012-07-08
010149,周健文博士,41,馬可福音,5,5:21-43,21,因信得生,2012-07-01
010150,李文芳牧師,43,約翰福音,12,12:23-28,23,釋放生命潛能的要訣 (1),2012-07-15
010152,梁永善牧師,9,撒母耳記下,6,6:1-23,1,析讀大衛 (18) 死於非命,2012-07-15
010153,黃紹權牧師,66,啟示錄,3,3:1-10,1,轉戰地上的爭戰 (1) 聖徒受苦害的召命,2012-07-15
010154,蘇穎睿牧師,43,約翰福音,3,3:1-8,1,重生,2012-07-07
010155,巫慶朗長老,49,以弗所書,2,2:1-3,1,認清自我,2012-07-08
010156,陳黃慧筠女士,67,,,,0,戀愛與交友 (3) 親密與性,
010157,伍嘉偉牧師,66,啟示錄,5,5:6-14,6,天上的敬拜,2012-07-01
010158,陳小麗牧師,47,哥林多後書,1,1:23-2:11,23,牧者心腸,2012-07-15
010159,何志滌牧師,2,出埃及記,20,20:18-21,18,十誡系列 (12) 愛成全了律法,2012-07-14
010160,陳傳華牧師博士,27,詩篇,1,1:1-6,1,噹！噹！噹！,2012-07-15
010161,徐興言長老,59,雅各書,4,4:14-5:16,14,你們的生命是甚麼,2012-07-15
010162,夏偉鵬牧師,40,馬太福音,5,5:33-37,33,論起誓,2012-07-15
010163,陳黃慧筠女士,67,,,,0,戀愛與交友 (4) 個案研究：混淆的戀情與第三者,
010164,蘇穎睿牧師,42,路加福音,11,11:24-26,24,不是修補，而是重建,2012-07-14
010165,蘇穎睿牧師,43,約翰福音,2,2:17-25,17,人啊！人！,2012-07-15
010166,吳宗文牧師,43,約翰福音,14,14:6,6,耶穌與其他宗教,2012-07-15
010167,蘇穎智牧師,59,雅各書,1,1:13-18,13,試探的來源,2012-07-15
010168,馮大衛牧師,31,路得記,2,2:1-23,1,天長地久的實現 (2) (粵),2012-07-15
010169,張恩弟兄,31,路得記,2,2:1-23,1,天長地久的實現 (2) (普),2012-07-15
010171,黃紹權牧師,66,啟示錄,13,13:11-14:5,11,轉戰地上的爭戰 (2) 提防疑似屬靈的標記,2012-07-15
010172,俞大鳴牧師,29,約伯記,4,4:1-14:22,1,壞鬼神學,2012-07-15
010173,余大器牧師,2,出埃及記,4,4:1-31,1,再三推辭的人,2012-07-15
010174,蔡少琪牧師,45,羅馬書,13,13:1-7,1,祝福萬民的福音 (65) 尊重在上掌權者,2012-07-22
010175,樓恩德牧師,8,撒母耳記上,16,16:1-13,1,蒙揀選的人,2012-07-22
010176,陳恩廉長老,43,約翰福音,3,3:1-18,1,「救恩」面面觀,2012-07-15
010177,陳逸生牧師,42,路加福音,7,7:18-23,18,那將要來的是祢麼,2012-07-22
010178,梁永善牧師,60,彼得前書,3,3:13-14,13,彼得前書釋讀 (14) 善道難行,2012-07-21
010180,徐興言長老,59,雅各書,5,5:7-12,7,忍耐直到主來,2012-07-22
010181,陳志成傳道,47,哥林多後書,4,4:5-6,5,神啊！請照亮我！,2012-07-22
010182,劉彤牧師,12,以賽亞書,9,9:2-4,2,轉化的三個層面,2012-07-22
010183,夏偉鵬牧師,40,馬太福音,5,5:38-42,38,最高境界：不以牙還牙,2012-07-22
010184,莫樹堅牧師,62,約翰一書,4,4:1-6,1,零蛋的靈,2012-07-15
010185,楊漢義牧師,44,使徒行傳,3,3:1-4:31,1,勇於見證的教會,2012-07-22
010186,何志滌牧師,29,約伯記,1,1:1-12,1,約伯記系列 (1) 被神「看得起」的約伯,2012-07-22
010187,余仕揚牧師,9,撒母耳記下,7,7:1-29,1,建立聖殿，建立家室,2012-07-22
010188,胡發宗牧師 ,44,使徒行傳,9,9:19-22,19,生命大翻轉,2012-07-22
010189,林長健牧師,1,創世記,3,3:1-6,1,幻象與真實的人生,2012-07-22
010190,王家輝牧師,35,但以理書,3,3:8-18,8,即或不然的信心,2012-07-21
010191,王家輝牧師,24,哈該書,2,2:1-9,1,充滿更大榮耀的聖殿,2012-07-22
010192,蘇穎智牧師,40,馬太福音,5,5:31-32,31,離婚睇真D,2012-07-22
010193,蘇穎智牧師,40,馬太福音,5,5:33-37,33,不要起誓,2012-07-22
010195,招世超牧師,46,哥林多前書,13,13:13,13,天長地久的真諦 (粵),2012-07-22
010196,潘智翔牧師,46,哥林多前書,13,13:13,13,天長地久的真諦 (普),2012-07-29
010197,招世超牧師,31,路得記,3,3:1-4,1,天長地久的傳承 (粵),2012-07-29
010198,潘智翔牧師,42,路加福音,3,3:1-4,1,天長地久的傳承 (普),2012-07-29
010199,張慕皚博士,46,哥林多前書,13,13:6,6,愛不喜歡不義，只喜歡真理 (2),2012-07-22
010200,高桂華牧師,40,馬太福音,9,9:35-38,35,隨主城市宣教路,2012-07-29
010201,梁明財牧師,58,希伯來書,11,11:5-6,5,我是一個討主喜悅的人嗎 (3),2012-07-22
010202,俞大鳴牧師,29,約伯記,32,32:1-37:24,1,面對苦難,2012-07-29
010203,高國雄牧師,29,約伯記,38,38:1-42:17,1,你要親眼見主嗎,2012-07-29
010204,王家輝牧師,42,路加福音,2,2:25-38,25,終身敬虔,2012-07-29
010205,林克龍博士,60,彼得前書,2,2:13-17,13,家內家外和諧,2012-07-29
010206,陳廣文教師,49,以弗所書,4,4:1-16,1,靈合之眾,2012-07-29
010207,吳家駒教師,44,使徒行傳,4,4:32-5:11,32,活在聖靈鑑察的教會中,2012-07-29
010208,羅泰然牧師,6,約書亞記,14,14:6-15,6,享受下半場,2012-07-15
010209,黎秋林牧師,43,約翰福音,10,10:10,10,豐盛人生,2012-07-22
010210,陳恩廉長老,43,約翰福音,2,2:13-22,13,律法帶來的恩典和真理,2012-07-15
010211,陳國添牧師,2,出埃及記,3,3:1-6,1,因著看見而得著的異象,2012-07-22
010212,溫偉耀博士,67,,,,0,生命不可以沒有的是甚麼,2012-07-29
010213,劉彤牧師,59,雅各書,5,5:13-18,13,醫治的禱告,2012-07-29
010214,胡發宗牧師 ,67,,,,0,再思基督教節慶,2012-07-29
010215,陳傳華牧師博士,6,約書亞記,5,5:1-15,1,門徒系列之 等......出彩虹,2012-07-29
010216,陳仲康牧師,2,出埃及記,20,20:3-17,3,從十誡看愛家人之福,2012-07-29
010217,程蒙恩長老,67,,,,0,生命因祢精彩,
010218,俞大鳴牧師,29,約伯記,28,28:1-42:17,1,苦難、智慧、信心,2012-08-05
010219,楊柏滿牧師,50,腓立比書,3,3:7-14,7,一生追求的目標,2012-08-05
010220,黃紹權牧師,66,啟示錄,14,14:6-20,6,轉戰地上的爭戰 (3) 誰來判斷我們生命的成績表,2012-08-05
010221,饒炳德傳道,10,列王記上,19,19:1-18,1,從人生低谷走出來,2012-08-05
010222,李惠儀牧師,54,提摩太前書,3,3:15,15,基督教信仰的真諦 (2) II 教會是高舉真理的信徒,2012-08-05
010223,方桂生牧師,7,士師記,13,13:1-5,1,士師記系列 (7) 小丑士師參孫,2012-08-05
010224,陳志強牧師,44,使徒行傳,10,10:1-33,1,彼得的異象,2012-08-05
010225,蕭壽華牧師,6,約書亞記,5,5:1-5,1,上帝恩典的標記,2012-08-05
010226,徐興言長老,12,以賽亞書,30,30:15-26,15,得救在乎歸回安息,2012-08-05
010227,林海盛牧師,40,馬太福音,25,25:14-30,14,天國人間系列 (7) 按才分銀，忠心快樂　,2012-08-05
010228,鄭兆奇牧師,43,約翰福音,8,8:32,32,人需要真理 (粵),2012-08-05
010229,潘智翔牧師,43,約翰福音,18,18:38,38,人需要真理 (普),2012-08-05
010230,余大器牧師,43,約翰福音,8,8:1-11,1,學習耶穌傳福音,2012-08-05
010231,梁譽豪牧師,43,約翰福音,6,6:1-15,1,點只先知咁簡單 (1),2012-07-29
010232,林明慧教師,44,使徒行傳,5,5:12-7:60,12,至死忠心的領袖,2012-08-05
010233,林玉英牧師,2,出埃及記,6,6:2-4,2,信心危機,2012-08-04
010234,高國雄牧師,43,約翰福音,6,6:24-35,24,追求不餓不渴的生活,2012-08-05
010235,鍾樹森牧師,37,尼希米記,8,8:17-18,17,守節讀經 *,2012-08-05
010237,梁永善牧師,9,撒母耳記下,7,7:1-17,1,析讀大衛 (19) 善非皆行,2012-08-05
010239,楊啟毅牧師,47,哥林多後書,5,5:17-19,17,新造的人,2012-08-05
010240,何志滌牧師,43,約翰福音,12,12:1-11,1,你願意為主付出嗎,2012-08-04
010241,譚鄭綺雯傳道,6,約書亞記,14,14:12,12,來得應許之地,2012-08-05
010242,吳宗文牧師,33,傳道書,12,12:5,5,老吾老以及人之老,2012-08-05
010243,陳俊文(Philip)傳道,67,,,,0,亞伯拉罕 (2) 遇荒逃難,2012-07-01
010244,陳俊文(Philip)傳道,67,,,,0,亞伯拉罕 (3) 謙讓蒙福,2012-07-22
010245,蔡少琪牧師,45,羅馬書,13,13:8-10,8,祝福萬民的福音 (66) 要愛人如己,2012-08-05
010246,吳庭樑牧師,67,,,,0,真正的喜樂,2012-07-22
010247,梁炳剛傳道,54,提摩太前書,1,1:15,15,作主門徒－－以清潔的良心事奉神,2012-08-12
010248,朱卓慈牧師,54,提摩太前書,6,6:3-10,3,真利益,2012-07-22
010249,湯寶源傳道,10,列王記上,22,22:41-53,41,列王記上的附錄：約法沙和亞哈謝,2012-08-12
010250,俞大鳴牧師,60,彼得前書,1,1:3-7,3,再思苦難,2012-08-12
010251,樓恩德牧師,8,撒母耳記上,17,17:1-27,1,基督徒得勝的信心,2012-08-12
010252,余大器牧師,2,出埃及記,8,8:10-9:29,10,埃及十災的省思,2012-08-12
010253,陳啟興牧師,59,雅各書,1,1:1-4,1,試煉與信心,2012-07-28
010254,蕭壽華牧師,44,使徒行傳,2,2:22-39,22,神賜聖靈，叫人重生,2012-08-12
010255,溫偉耀博士,47,哥林多後書,5,5:14-21,14,人生困局有突破－－基督教信仰的信心、真愛和盼望 (粵),2012-08-12
010256,溫偉耀博士,47,哥林多後書,5,5:14-21,14,人生困局有突破－－基督教信仰的信心、真愛和盼望 (普),2012-08-12
010257,林偉成牧師,17,阿摩司書,3,3:1-15,1,有神的話要求更高,2012-08-12
010258,徐興言長老,54,提摩太前書,4,4:8-12,8,操練敬虔,2012-08-12
010259,羅錫為牧師,43,約翰福音,12,12:20-26,20,跟隨耶穌面對死亡,2012-08-12
010260,陳俊業 (Victor)牧師,43,約翰福音,8,8:1-11,1,恩典與真理,2012-08-12
010262,夏偉鵬牧師,2,出埃及記,4,4:1-18,1,異象和使命帶來新挑戰,2012-08-12
010263,黃天生老師,58,希伯來書,11,11:1-40,1,盼望的確據，走下去的動力,2012-08-11
010264,林玉英牧師,49,以弗所書,4,4:25-5:2,25,門徒生活的標誌,2012-08-12
010265,招世超牧師,27,詩篇,8,8:3-9,3,人到底是誰 (粵),2012-08-12
010266,陳恩賜牧師,27,詩篇,8,8:3-9,3,人到底是誰 (普),2012-08-12
010267,邱梓亮牧師,44,使徒行傳,8,8:1-40,1,成熟的信徒、分散的教會,2012-08-12
010268,顧宏義傳道,55,提摩太後書,2,2:19-22,19,在教會生活中一同追求,2012-08-12
010269,何志滌牧師,29,約伯記,1,1:13-22,13,約伯記系列 (2) 掌管一切的神,2012-08-12
010270,余仕揚牧師,9,撒母耳記下,13,13:20-32,20,自父及子的追討,2012-08-12
010271,蘇穎睿牧師,43,約翰福音,3,3:9-15,9,牛皮燈籠,2012-08-12
010272,蘇穎睿牧師,42,路加福音,11,11:29-32,29,神蹟奇事,2012-08-12
010273,蔡少琪牧師,43,約翰福音,10,10:16-24,16,耶穌有奪不去的喜樂,2012-08-12
010274,黃紹權牧師,66,啟示錄,15,15:1-8,1,從天庭開始的無偽事奉,2012-08-19
010276,陳仲康牧師,46,哥林多前書,13,13:4-8,4,愛是恆久忍耐......愛是永不止息,2012-08-19
010277,Denny Mullins,19,約拿書,4,4:1-11,1,上帝愛世人,2012-08-19
010278,林玉英牧師,43,約翰福音,6,6:51-58,51,生命天糧,2012-08-18
010279,許國輝牧師,57,腓利門書,1,1:3-20,3,寬恕與接納,2012-08-19
010280,張學鳴弟兄,67,,,,0,神使我重生 *,2012-08-19
010281,張慕皚博士,46,哥林多前書,13,13:6,6,愛不喜歡不義，只喜歡真理 (3),2012-08-19
010282,蕭壽華牧師,6,約書亞記,6,6:1-21,1,信靠順服主得勝,2012-08-19
010283,李文芳牧師,45,羅馬書,5,5:10,10,釋放生命潛能的要訣 (2),2012-08-19
010284,劉彤牧師,43,約翰福音,5,5:5-9,5,醫治與重建,2012-08-12
010285,張琳玲師母,45,羅馬書,8,8:18-26,18,行走禱告,2012-08-19
010286,鄧雪梅牧師,44,使徒行傳,9,9:1-31,1,呼召,2012-08-19
010287,蘇穎智牧師,40,馬太福音,5,5:38-48,38,消滅敵人與待人態度面面觀,2012-08-12
010288,蘇穎智牧師,40,馬太福音,6,6:1-4,1,不要給人知的好行為,2012-08-12
010289,鍾樹森牧師,49,以弗所書,3,3:5-6,5,奧秘 *,2012-08-19
010290,陳國添牧師,2,出埃及記,3,3:7-22,7,勇往直前的能力,2012-08-12
010291,陳恩廉長老,27,詩篇,15,15:1-5,1,受苦中歡喜,2012-08-12
010293,招世超牧師,33,傳道書,2,2:1-12,1,人為何而生 (粵),2012-08-19
010294,張恩弟兄,33,傳道書,2,2:1-12,1,人為何而生 (普),2012-08-19
010295,陳志成傳道,46,哥林多前書,9,9:23-27,23,邊個做主場,2012-08-18
010296,梁永善牧師,60,彼得前書,3,3:15-16,15,彼得前書釋讀 (15) 隨時候命,2012-08-18
010297,梁永善牧師,38,歷代志上,29,29:1-27,1,析讀大衛 (20) 擇善不捨,2012-08-19
010298,羅泰然牧師,55,提摩太後書,3,3:14-17,14,裝備自己，承擔使命,2012-08-12
010299,徐興言長老,27,詩篇,37,37:1-40,1,心靈平靜的秘訣,2012-08-19
010300,謝又生牧師,1,創世記,37,37:1-36,1,開啟我的眼,2012-08-19
010301,蘇穎睿牧師,43,約翰福音,3,3:16-21,16,神愛世人,2012-08-12
010302,林誠信牧師,49,以弗所書,5,5:15-21,15,智者生活,2012-08-19
010303,梁明財牧師,55,提摩太後書,1,1:1-18,1,保羅的叮嚀 (1),2012-08-19
010304,夏偉鵬牧師,40,馬太福音,5,5:43-48,43,也當愛仇敵,2012-08-19
010305,黃瑞君牧師,17,阿摩司書,4,4:1-13,1,關乎生死的呼籲,2012-08-19
010306,黃紹權牧師,66,啟示錄,16,16:1-21,1,申冤的審判終極登場,2012-08-26
010307,楊柏滿牧師,54,提摩太前書,4,4:6-10,6,敬虔的操練,2012-08-26
010308,俞大鳴牧師,22,哈巴谷書,1,1:1-11,1,上帝奇異的作為,2012-08-26
010309,何家倫牧師,14,以西結書,8,8:5-6,5,有神同在的生命,2012-08-19
010310,蘇穎智牧師,59,雅各書,1,1:18-27,18,勝過試探的武器,2012-08-19
010311,呂君望牧師,51,歌羅西書,3,3:2,2,愛心傳千里，天涯若比鄰,2012-08-25
010314,莫錦榮傳道,9,撒母耳記下,7,7:1-14,1,非凡的恩典,2012-07-22
010315,周健文博士,43,約翰福音,6,6:24-35,24,為甚麼選耶穌,2012-08-05
010316,陳慧冰牧師,43,約翰福音,6,6:35,35,耶穌是生命的糧,2012-08-12
010317,羅劍輝牧師,44,使徒行傳,9,9:32-11:18,32,異象使你不一樣,2012-08-26
010319,陳志成傳道,47,哥林多後書,6,6:11-7:4,11,請打開心門,2012-08-26
010320,劉彤牧師,55,提摩太後書,1,1:6-7,6,生命重新出發,2012-08-26
010321,馮大衛牧師,46,哥林多前書,15,15:19,19,人死有歸宿？(粵),2012-08-26
010322,潘智翔牧師,46,哥林多前書,15,15:19,19,人死有歸宿？(普),2012-08-26
010323,李偉建牧師,50,腓立比書,2,2:12-1:18,12,從腓立比到同福,2012-08-26
010324,陳啟興牧師,59,雅各書,1,1:5-8,5,求智慧,2012-08-26
010325,莫樹堅牧師,8,撒母耳記上,16,16:13-23,13,招鬼、趕鬼,2012-08-26
010326,蔡少琪牧師,45,羅馬書,13,13:11-14,11,祝福萬民的福音 (67) 要行在光明中,2012-08-26
010327,陳孟賢博士,58,希伯來書,1,1:1-3,1,活在天地間,2012-08-26
010328,余德淳博士,67,,,,0,少年十五二十時 (1),2012-07-07
010329,余德淳博士,67,,,,0,少年十五二十時 (2),2012-07-21
010330,樓恩德牧師,67,,,,0,擇業擇偶親子情,2012-08-11
010331,張賢才牧師,44,使徒行傳,8,8:26-40,26,尋找一位,2012-08-26
010332,陳俊業 (Victor)牧師,42,路加福音,8,8:22-24,22,我終身的事在祢手中,2012-08-26
010333,江山偉傳道,14,以西結書,37,37:1-10,1,還枯骨生氣,2012-09-02
010334,蘇穎智牧師,40,馬太福音,6,6:5-15,5,主禱文再思,2012-08-26
010335,黃紹權牧師,66,啟示錄,17,17:1-18,1,不能站立得住的華麗陷阱,2012-09-02
010336,俞大鳴牧師,22,哈巴谷書,1,1:12-2:3,12,面對疑惑,2012-09-02
010337,方桂生牧師,7,士師記,17,17:1-13,1,士師記系列 (8) 米迦的私人祭司,2012-09-02
010338,陳志強牧師,44,使徒行傳,10,10:34-11:18,34,福音的突破,2012-09-02
010339,何家倫牧師,49,以弗所書,4,4:25-5:2,25,縱使困難，也要奮發,2012-09-02
010340,徐興言長老,15,何西阿書,6,6:3,3,務要認識神,2012-09-02
010341,陳廣文教師,49,以弗所書,5,5:1-14,1,榮光煥發,2012-09-02
010342,蕭壽華牧師,6,約書亞記,8,8:30-35,30,築壇獻祭,2012-09-02
010343,林海盛牧師,59,雅各書,1,1:16-27,16,世界在變,2012-08-26
010344,梁譽豪牧師,43,約翰福音,6,6:16-71,16,點只先知咁簡單 (2),2012-08-26
010345,鍾樹森牧師,49,以弗所書,6,6:10-20,10,人生如打仗 *,2012-09-02
010346,蔡少琪牧師,45,羅馬書,14,14:1-6,1,祝福萬民的福音 (68) 要接納信心軟弱的,2012-09-02
010347,林偉倫博士,40,馬太福音,22,22:37-39,37,豐盛人生的七大要訣 (4) 真愛、真自尊,2012-09-02
010349,胡發宗牧師 ,47,哥林多後書,12,12:1-10,1,恩典夠用的生命歷程,2012-09-02
010351,招世超牧師,43,約翰福音,14,14:6,6,人皆有信仰？(粵),2012-09-02
010352,招世超牧師,43,約翰福音,14,14:6,6,人皆有信仰？(普),2012-09-02
010353,楊啟毅牧師,47,哥林多後書,7,7:6-7,6,提多－－信仰的落實者,2012-09-02
010354,何志滌牧師,29,約伯記,2,2:1-10,1,約伯記系列 (3) 環境？心境？,2012-09-02
010355,余仕揚牧師,49,以弗所書,1,1:20-21,20,差傳：靈界爭霸戰,2012-09-02
010356,蘇穎睿牧師,43,約翰福音,3,3:22-36,22,祂必興旺，我必衰微,2012-09-02
010358,蔡沛良牧師,43,約翰福音,17,17:11-16,11,喜樂的福音,2012-09-02
010359,湯寶源傳道,11,列王記下,1,1:1-18,1,重蹈父親覆轍，作繭自纏的亞哈謝,2012-09-09
010360,王家輝牧師,35,但以理書,4,4:19-33,19,職場對決－－冒死進諫,2012-09-01
010361,黃天生老師,43,約翰福音,10,10:1-18,1,牧羊人的心,2012-09-08
010362,林玉英牧師,41,馬可福音,7,7:24-37,24,祢是我唯一的......,2012-09-09
010363,吳偉強執事,42,路加福音,6,6:37-45,37,除去眼中釘,2012-09-10
010364,蕭壽華牧師,6,約書亞記,9,9:14-27,14,竭力保守信仰的純正,2012-09-09
010365,黃瑞君牧師,17,阿摩司書,6,6:1-14,1,虛假的滿足,2012-09-09
010366,楊漢義牧師,43,約翰福音,17,17:1-26,1,教會在世界,2012-09-02
010368,楊子江牧師,40,馬太福音,5,5:13,13,世上的鹽 *,2012-09-09
010369,李天佑教師,8,撒母耳記上,23,23:7-29,7,讓心房變成豪宅,2012-09-08
010370,羅錫為牧師,40,馬太福音,19,19:3-12,3,跟耶穌學夫婦之道,2012-09-09
010371,陳小麗牧師,35,但以理書,1,1:8,8,不一樣的心志,2012-09-08
010372,徐興言長老,12,以賽亞書,40,40:12-31,12,神的權能,2012-09-09
010373,俞大鳴牧師,22,哈巴谷書,2,2:2-20,2,因信得生,2012-09-09
010374,劉彤牧師,42,路加福音,9,9:12-17,12,小組工作的更新,2012-09-09
010375,夏偉鵬牧師,27,詩篇,26,26:1-8,1,歸榮譽給神,2012-09-09
010376,譚鄭綺雯傳道,67,,,,0,在求告祂名的人中有撒母耳,2012-09-09
010377,蔡少琪牧師,8,撒母耳記上,25,25:1-42,1,逃避地獄式的愛情,2012-09-09
010378,伍自強弟兄,55,提摩太後書,2,2:22,22,在教會生活中一同追求,2012-09-09
010379,梁譽豪牧師,43,約翰福音,6,6:16-71,16,點只人子咁簡單 (3),2012-09-09
010380,蘇穎智牧師,40,馬太福音,6,6:19-24,19,有關錢財的抉擇,2012-09-09
010381,蘇穎智牧師,40,馬太福音,6,6:25-34,25,除憂解藥,2012-09-09
010383,黃紹權牧師,66,啟示錄,18,18:1-19:10,1,逐漸褪色的虛榮與再露主榮光的路向,2012-09-16
010384,俞大鳴牧師,22,哈巴谷書,3,3:1-2,1,心意更新的禱告,2012-09-16
010385,余大器牧師,2,出埃及記,12,12:1-17,1,謹守節期的人,2012-09-16
010386,高國雄牧師,41,馬可福音,8,8:27-38,27,基督徒的使命,2012-09-15
010387,高國雄牧師,40,馬太福音,13,13:34-43,34,再思傳道與服務,2012-09-16
010388,張賢才牧師,42,路加福音,15,15:11-32,11,回家,2012-09-16
010389,張慕皚博士,46,哥林多前書,13,13:7,7,愛是凡事包容凡事相信,2012-09-09
010390,陳仲康牧師,43,約翰福音,1,1:6-8,6,使別人從你見耶穌,2012-09-16
010391,何家倫牧師,40,馬太福音,11,11:28-30,28,不要喪膽，總要奮發,2012-09-16
010392,呂君望牧師,51,歌羅西書,2,2:20-23,20,要慎防盲從、世俗的洗腦,2012-09-16
010393,劉彤牧師,12,以賽亞書,40,40:27-31,27,展翅的時刻,2012-09-16
010394,林海盛牧師,55,提摩太後書,4,4:1-5,1,務要傳道,2012-09-09
010395,朱鏡明牧師,17,阿摩司書,7,7:1-17,1,憂心與忠心,2012-09-16
010396,陳志成傳道,2,出埃及記,3,3:7-10,7,讓我們改變世界,2012-09-16
010397,梁永善牧師,28,箴言,20,20:7,7,明日之後,2012-09-16
010398,姚紀星牧師,42,路加福音,10,10:25-37,25,承受永生路,2012-09-16
010399,何志滌牧師,29,約伯記,2,2:1-13,1,約伯記系列 (4) 如何與面對苦難的人相處,2012-09-16
010400,莫樹堅牧師,42,路加福音,12,12:13-34,13,小心貪心,2012-09-02
010401,林偉傑牧師,44,使徒行傳,11,11:19-13:3,19,往外望的教會,2012-09-16
010402,區寶燕傳道,40,馬太福音,7,7:24-29,24,聰明人必做的事,2012-09-16
010403,蘇穎睿牧師,43,約翰福音,4,4:1-26,1,一針見血,2012-09-16
010404,蘇穎睿牧師,42,路加福音,11,11:37-54,37,表里一致的信仰,2012-09-16
010405,葉靜儀宣教士,44,使徒行傳,13,13:4-14:18,4,外邦人的使徒,2012-09-23
010406,俞大鳴牧師,22,哈巴谷書,3,3:3-19,3,超越苦難的喜樂,2012-09-23
010407,蔡少琪牧師,45,羅馬書,14,14:10-15,10,祝福萬民的福音 (70) 不可絆倒人,2012-09-23
010408,柯慧雯傳道,27,詩篇,51,51:1-19,1,有罪的我要回到祢那裡,2012-09-23
010409,林玉英牧師,13,耶利米書,11,11:18-20,18,難擔的任務,2012-09-22
010410,王家輝牧師,59,雅各書,3,3:13-18,13,從上頭來的智慧表現,2012-09-23
010411,樓恩德牧師,8,撒母耳記上,18,18:1-16,1,影響子女的掃羅王 (1),2012-09-23
010412,羅泰然牧師,42,路加福音,1,1:25-38,25,承擔使命的掙扎,2012-09-02
010413,蕭壽華牧師,6,約書亞記,23,23:1-16,1,當記念主恩－－專心遵從,2012-09-23
010414,湯寶源傳道,11,列王記下,2,2:1-25,1,以利沙繼承以利亞,2012-09-23
010415,陸劍雄牧師,17,阿摩司書,8,8:1-14,1,天國文化：好憐憫‧遵神話,2012-09-23
010416,李文芳牧師,42,路加福音,16,16:19-31,19,陰間故事的八個課題 (1),2012-09-16
010417,梁永善牧師,60,彼得前書,3,3:17-22,17,彼得前書釋讀 (16) 有樣學樣,2012-09-22
010418,陳小麗牧師,47,哥林多後書,10,10:1-5,1,事奉者的挑戰,2012-09-23
010419,林偉俊牧師,27,詩篇,105,105:1-45,1,當記念上帝奇妙的作為,2012-09-23
010420,周弘毅牧師,59,雅各書,3,3:13-4:6,13,爭戰與和平,2012-09-23
010421,陳國添牧師,2,出埃及記,3,3:15-22,15,以上帝為優先的優質生活,2012-08-26
010422,陳國添牧師,2,出埃及記,4,4:1-17,1,事奉神的確據,2012-09-09
010423,楊柏滿牧師,51,歌羅西書,1,1:24-29,24,上帝子民要教導真理,2012-09-23
010425,陳承智教師,44,使徒行傳,15,15:1-35,1,福音與文化,2012-10-05
010426,梁明財牧師,55,提摩太後書,2,2:1-13,1,保羅的叮嚀 (2),2012-09-30
010427,蘇穎智牧師,44,使徒行傳,1,1:8,8,教會的「守」與「攻」略篇,2012-09-30
010428,周建雄教師,45,羅馬書,5,5:1-5,1,基督徒的第二種患難,2012-09-30
010429,蕭壽華牧師,6,約書亞記,24,24:14-18,14,更新約的承諾－－專一事奉主,2012-09-30
010430,黃紹權牧師,66,啟示錄,19,19:11-21,11,末世的看見 (1) 基督審判的落實,2012-09-30
010431,黃紹權牧師,66,啟示錄,20,20:1-15,1,末世的看見 (2) 為受極傷害信徒的終極伸冤,2012-10-07
010433,陳啟興牧師,59,雅各書,1,1:9-11,9,貧窮的考驗,2012-09-23
010434,俞大鳴牧師,62,約翰一書,3,3:11-24,11,成熟的指標,2012-10-07
010435,梁永善牧師,37,尼希米記,8,8:1-9:38,1,更新的行動,2012-09-29
010436,王家輝牧師,59,雅各書,5,5:13-18,13,強而有力的禱告,2012-09-30
010438,高國雄牧師,46,哥林多前書,12,12:4-27,4,成為合一非一律的教會,2012-10-07
010439,張賢才牧師,40,馬太福音,4,4:13-23,13,禱告的主,2012-10-07
010441,方桂生牧師,7,士師記,19,19:1-3,1,士師記系列 (9) 尋妾的利未人,2012-10-07
010442,何家倫牧師,12,以賽亞書,58,58:6-14,6,如何面對苦難,2012-10-07
010443,陳志強牧師,44,使徒行傳,11,11:19-30,19,基督徒的開始,2012-10-07
010444,林海盛牧師,12,以賽亞書,54,54:1-10,1,因主的愛而擴展,2012-10-07
010445,溫偉耀博士,50,腓立比書,4,4:1-9,1,思念美善的見證,2012-10-10
010446,朱鏡明牧師,27,詩篇,63,63:1-11,1,對神口渴,2012-10-07
010447,徐興言長老,27,詩篇,103,103:1-22,1,稱頌神的慈愛與憐憫,2012-10-07
010448,林志海傳道,1,創世記,12,12:1-3,1,這世界不再一樣，皆因......,2012-10-07
010450,吳家駒教師,44,使徒行傳,15,15:36-16:5,36,抉擇,2012-10-07
010451,伍嘉偉牧師,44,使徒行傳,3,3:1-12,1,非能力，非虔誠,2012-09-16
010452,伍嘉偉牧師,44,使徒行傳,4,4:31-37,31,禱告改變人心,2012-09-23
010453,招世超牧師,43,約翰福音,15,15:12-17,12,臉書傳奇 (1) 我想和你做朋友 (粵),2012-09-16
010454,招世超牧師,43,約翰福音,15,15:12-17,12,臉書傳奇 (1) 我想和你做朋友 (普),2012-09-16
010455,馮大衛牧師,58,希伯來書,10,10:19-34,19,臉書傳奇 (2) 我不想太多瓜葛 (粵),2012-09-23
010456,鄭兆奇牧師,58,希伯來書,10,10:19-34,19,臉書傳奇 (2) 我不想太多瓜葛 (普),2012-09-23
010457,馮大衛牧師,43,約翰福音,8,8:31-36,31,臉書傳奇 (3) 我渴求更多自由 (粵),2012-09-30
010458,招世超牧師,43,約翰福音,8,8:31-36,31,臉書傳奇 (3) 我渴求更多自由 (粵),2012-09-30
010459,潘智翔牧師,40,馬太福音,5,5:14-16,14,臉書傳奇 (4) 我必須防止病毒 (粵),2012-10-07
010460,潘智翔牧師,40,馬太福音,5,5:14-16,14,臉書傳奇 (4) 我必須防止病毒 (普),2012-10-07
010461,蔡元雲醫生,67,,,,0,不能奪去的平安,2012-09-30
010462,羅泰然牧師,43,約翰福音,15,15:16,16,祢揀選了我們,2012-09-23
010463,羅泰然牧師,54,提摩太前書,4,4:6-16,6,實踐真道的果效,2012-10-07
010464,蔡少琪牧師,45,羅馬書,14,14:16-23,16,祝福萬民的福音 (71) 務要追求和睦,2012-10-07
010465,蘇穎睿牧師,42,路加福音,12,12:1-12,1,怕甚麼,2012-10-06
010466,蘇穎睿牧師,42,路加福音,8,8:26-30,26,不知盧山真面目,2012-10-07
010467,陳逸生牧師,42,路加福音,8,8:26-30,26,耶穌醫治被鬼附的人,2012-09-09
010468,何羅乃萱師母,1,創世記,50,50:19-21,19,愛裡團圓,2012-09-30
010469,何志滌牧師,29,約伯記,3,3:1-26,1,約伯記系列 (5) 約伯也是人,2012-10-07
010470,余大器牧師,40,馬太福音,9,9:35-38,35,滿福寶的佳音,2012-10-07
010471,夏偉鵬牧師,27,詩篇,27,27:1-14,1,尋求神的面,2012-09-30
010472,夏偉鵬牧師,43,約翰福音,3,3:16-18,16,神愛你,2012-10-07
010473,黎頌遠傳道,1,創世記,18,18:18-19,18,上帝子民要秉行公義,2012-10-14
010474,湯寶源傳道,40,馬太福音,27,27:46-47,46,聖經中的以利亞,2012-10-14
010475,俞大鳴牧師,8,撒母耳記上,15,15:1-31,1,成熟的路障,2012-10-14
010476,胡發宗牧師 ,44,使徒行傳,17,17:1-9,1,攪亂天下的基督徒,2012-09-30
010477,呂君望牧師,51,歌羅西書,3,3:5-17,5,劃清界線,2012-10-14
010478,柯慧雯傳道,27,詩篇,132,132:1-18,1,基督就是神的同在,2012-10-14
010479,蕭壽華牧師,47,哥林多後書,8,8:16-24,16,熱心事奉的見證,2012-10-14
010480,陳俊文(Philip)傳道,1,創世記,14,14:1-15:21,1,亞伯拉罕 (4) 勇戰奉獻,2012-09-02
010481,陳俊文(Philip)傳道,1,創世記,16,16:1-16,1,亞伯拉罕 (5) 嫡庶之別,2012-09-16
010482,歐陽兆棠傳道,43,約翰福音,11,11:1-45,1,如何配合神的大能,2012-10-14
010484,楊漢義牧師,41,馬可福音,5,5:21-43,21,無望者的救主,2012-10-14
010485,梁明財牧師,55,提摩太後書,2,2:14-26,14,保羅的叮嚀 (3),2012-10-14
010486,徐興言長老,28,箴言,3,3:5-7,5,專心依靠神,2012-10-14
010487,余仕揚牧師,58,希伯來書,1,1:1-4,1,最後通牒,2012-10-07
010488,張賢才牧師,42,路加福音,24,24:36-53,36,在終結中開始,2012-10-14
010489,林海盛牧師,42,路加福音,11,11:1-13,1,天國人間系列 (8) 禱告、祈求、賜予,2012-10-14
010491,劉彤牧師,6,約書亞記,4,4:23-24,23,跟隨的確信,2012-10-14
010492,羅錫為牧師,43,約翰福音,4,4:1-30,1,跟隨耶穌市井中,2012-10-14
010493,楊啟毅牧師,42,路加福音,19,19:1-9,1,跟你做個Friend,2012-10-13
010494,何志滌牧師,29,約伯記,4,4:1-7:21,1,約伯記系列 (6) 如何回應不合宜的輔導,2012-10-14
010495,招世超牧師,62,約翰一書,1,1:1-4,1,臉書傳奇 (5) 我樂於與人分享 (粵),2012-10-14
010496,張恩弟兄,62,約翰一書,1,1:1-4,1,臉書傳奇 (5) 我樂於與人分享 (普),2012-10-14
010497,張仲明牧師,62,約翰一書,2,2:28-3:10,28,看見慈愛的父,2012-10-14
010498,蘇穎智牧師,40,馬太福音,7,7:1-6,1,論斷人者必被論斷,2012-10-14
010499,余大器牧師,2,出埃及記,17,17:1-7,1,吃過靈糧喝過靈水的人,2012-10-14
010501,黃紹權牧師,66,啟示錄,21,21:1-8,1,末世的看見 (3) 預備接受神恩典的條件,2012-10-21
010502,俞大鳴牧師,45,羅馬書,12,12:1-2,1,舊人變新人,2012-10-21
010503,陳仲康牧師,62,約翰一書,5,5:1-15,1,你可以改變世界,2012-10-21
010504,王家輝牧師,35,但以理書,6,6:1-28,1,只向上帝屈膝,2012-10-20
010505,黃瑞君牧師,2,出埃及記,20,20:18-22,18,再思聆聽－－從西乃到安提阿,2012-10-21
010506,吳宗文牧師,40,馬太福音,18,18:21-22,21,原諒,2012-10-14
010507,陳德蓉傳道,2,出埃及記,3,3:1-15,1,呼召人的神,2012-10-21
010508,黃大業執事,41,馬可福音,5,5:1-20,1,大群與大為,2012-10-21
010509,蔡少琪牧師,45,羅馬書,14,14:7-9,7,祝福萬民的福音 (69) 要為主而活,2012-09-16
010510,蔡少琪牧師,45,羅馬書,15,15:1-7,1,祝福萬民的福音 (72) 務要叫人得益處,2012-10-21
010512,林誠信牧師,12,以賽亞書,1,1:17,17,作在一個最小的身上,2012-10-21
010513,歐陽萬璋博士,40,馬太福音,6,6:25-34,25,耶穌為你捉拿那「小偷」－－憂慮,2012-10-21
010514,楊柏滿牧師,45,羅馬書,15,15:8-13,8,領受祝福萬國的使命,2012-10-28
010515,林玉英牧師,41,馬可福音,10,10:46-52,46,當弱勢者不停止呼喊,2012-10-27
010516,林玉英牧師,41,馬可福音,10,10:46-52,46,我需要上主甚麼的恩典憐憫,2012-10-28
010517,羅泰然牧師,27,詩篇,133,133:1-3,1,和睦之福,2012-10-28
010518,蕭壽華牧師,58,希伯來書,11,11:8-16,8,那應許我們的是可信的,2012-10-28
010519,黃紹權牧師,66,啟示錄,21,21:9-22:5,9,藉與神同住對今天信徒的啟迪,2012-10-28
010520,連達傑牧師,28,箴言,29,29:18,18,教會的宣教異象,2012-10-21
010522,張賢才牧師,59,雅各書,4,4:4-10,4,與神相近,2012-10-28
010523,羅錫堅牧師,42,路加福音,5,5:1-11,1,開到水深之處,2012-10-28
010524,林偉成牧師,27,詩篇,84,84:1-12,1,渴慕敬拜神,2012-10-28
010525,陳國添牧師,2,出埃及記,4,4:18-23,18,神的工作、神的手段、神的供應,2012-09-23
010526,陳國添牧師,2,出埃及記,4,4:18-31,18,與神同行，就是與神同工,2012-10-14
010527,陳恩廉長老,60,彼得前書,5,5:5-14,5,堅固信心，抵擋魔鬼,2012-10-14
010528,梁譽豪牧師,33,傳道書,2,2:1-11,1,喜樂由祢創 (1),2012-10-14
010529,陳玉英牧師,44,使徒行傳,16,16:6-40,6,因信得救,2012-10-28
010530,劉彤牧師,12,以賽亞書,61,61:9-6:9,9,興起公義敬虔的後裔,2012-10-28
010531,林偉倫博士,43,約翰福音,16,16:22-24,22,豐盛人生的七大要訣 (5) 挑戰自我，征服心魔 I,2012-10-28
010532,方桂生牧師,49,以弗所書,4,4:11-12,11,聖職系列 (1) 神的選召及確認,2012-10-28
010533,陳志成傳道,47,哥林多後書,13,13:11,11,成為神同在的教會,2012-10-28
010534,俞大鳴牧師,45,羅馬書,12,12:3-8,3,投身事奉,2012-10-28
010535,夏偉鵬牧師,42,路加福音,10,10:17-24,17,傳福音之樂,2012-10-21
010536,徐興言長老,8,撒母耳記上,13,13:8-14,8,順服神,2012-10-21
010537,林偉俊牧師,27,詩篇,106,106:1-48,1,怎能如此的厚愛,2012-10-28
010538,葉向榮傳道,27,詩篇,19,19:1-14,1,聲光導我心,2012-10-21
010539,蘇穎睿牧師,42,路加福音,12,12:13-21,13,蠢材！,2012-10-20
010540,招世超牧師,28,箴言,14,14:34,34,美國‧危機 (粵）,2012-10-21
010541,招世超牧師,28,箴言,14,14:34,34,美國‧危機 (普）,2012-10-21
010542,陳恩賜牧師,40,馬太福音,5,5:13-16,13,公民‧責任 (粵),2012-10-28
010543,陳恩賜牧師,40,馬太福音,5,5:13-16,13,公民‧責任 (普),2012-10-28
010544,莫錦榮傳道,10,列王記上,8,8:22-43,22,我的殿必稱為禱告的殿,2012-08-26
010545,周健文博士,30,雅歌,2,2:8-13,8,起來！出來！,2012-09-02
010546,陳慧冰牧師,59,雅各書,2,2:1-17,1,莫大的信心,2012-09-09
010547,吳宣倫博士,67,,,,0,把握時機，傳信福音,2012-10-28
010548,陳俊文(Philip)傳道,1,創世記,18,18:1-21:34,1,亞伯拉罕 (6) 愛心代求，重蹈覆轍,2012-10-21
010549,楊柏滿牧師,2,出埃及記,14,14:10-18,10,禱告有時，行動有時,2012-11-04
010550,姚紀星牧師,10,列王記上,8,8:12-21,12,門徒的特質－－順服,2012-11-04
010551,黃紹權牧師,66,啟示錄,22,22:6-19,6,基督徒乃是敬畏神的「好學生」,2012-11-04
010552,蘇穎智牧師,40,馬太福音,7,7:7-11,7,有求超應的禱告,2012-10-27
010553,蘇穎智牧師,40,馬太福音,7,7:12-14,12,追隨「順流」、「人群效應」者要小心,2012-10-28
010554,高國雄牧師,52,帖撒羅尼迦前書,4,4:13-18,13,帶著指望，迎向永生,2012-11-03
010555,王家輝牧師,31,路得記,1,1:1-18,1,事奉基本功,2012-11-04
010556,方桂生牧師,49,以弗所書,4,4:11-12,11,聖職系列 (2) 牧師的職份和資格,2012-11-04
010557,陳志強牧師,49,以弗所書,2,2:1-10,1,教會的形成,2012-11-04
010558,何家倫牧師,49,以弗所書,4,4:15-16,15,信徒相助莫遲疑,2012-10-21
010559,何家倫牧師,40,馬太福音,8,8:18-22,18,主耶穌還值得跟從嗎,2012-11-04
010560,劉彤牧師,2,出埃及記,33,33:12-16,12,為這世代祈求,2012-11-04
010561,羅劍輝牧師,44,使徒行傳,17,17:1-18:22,1,傳道的心志,2012-11-04
010562,蘇穎智牧師,40,馬太福音,7,7:15-23,15,提防糖衣毒藥：假先知,2012-10-28
010563,蔡少琪牧師,45,羅馬書,15,15:8-16,8,祝福萬民的福音 (73) 務要祝福萬民,2012-11-04
010564,樓恩德牧師,8,撒母耳記上,18,18:17-29,17,影響子女的掃羅王 (2) 米甲的遭遇,2012-11-04
010565,林海盛牧師,40,馬太福音,25,25:1-13,1,天國人間系列 (9) 聰明的童女,2012-11-04
010566,楊詠嫦院長,43,約翰福音,9,9:1-41,1,受苦何價,2012-11-04
010567,梁永善牧師,9,撒母耳記下,9,9:1-10:17,1,析讀大衛 (21) 恩怨分明,2012-11-04
010570,羅錫為牧師,42,路加福音,6,6:17-26,17,跟隨耶穌面對壓逼,2012-11-11
010571,伍嘉偉牧師,44,使徒行傳,13,13:1-12,1,神要興起曾經失明的你,2012-10-21
010572,劉文亮先生,50,腓立比書,4,4:11-13,11,生命的塑造,2012-11-04
010573,俞大鳴牧師,59,雅各書,1,1:13-25,13,捨己行道,2012-11-04
010574,湯寶源傳道,11,列王記下,3,3:1-14,1,以色列王約同猶大王和以東王去攻打摩押,2012-11-11
010575,蘇穎睿牧師,43,約翰福音,4,4:27-38,27,機不可失,2012-10-28
010576,蘇穎睿牧師,42,路加福音,12,12:22-34,22,人無遠慮，必有近憂,2012-11-03
010577,蘇穎睿牧師,43,約翰福音,5,5:1-14,1,信是「跳下去」,2012-11-11
010578,陳恩明牧師,44,使徒行傳,18,18:23-19:41,23,福音對世界的影響,2012-11-11
010579,區寶燕傳道,2,出埃及記,7,7:1-7,1,漫天烽火待黎明,2012-11-11
010580,余慧根牧師,49,以弗所書,6,6:10-14,10,站立得穩,2012-11-11
010581,黃天生老師,41,馬可福音,8,8:22-29,22,慢慢看見,2012-11-10
010582,高國雄牧師,41,馬可福音,12,12:38-44,38,我要奉獻多少呢,2012-11-11
010583,陳逸生牧師,28,箴言,21,21:1-2,1,為這國家禱告,2012-10-28
010584,楊啟毅牧師,10,列王記上,3,3:5-15,5,夢想成真－－合乎神心意的禱告,2012-11-04
010585,陳小麗牧師,10,列王記上,9,9:1-9,1,禍福由你選,2012-11-11
010586,呂君望牧師,51,歌羅西書,3,3:18-4:1,18,雙贏的關係,2012-11-11
010588,陳仲康牧師,42,路加福音,5,5:27-32,27,效法耶穌的家庭服侍,2012-11-11
010589,林以諾牧師,8,撒母耳記上,12,12:1-25,1,國家與個人的轉型,2012-06-24
010590,林以諾牧師,8,撒母耳記上,13,13:1-14:52,1,得勝不在乎人多人少,2012-07-01
010591,林以諾牧師,8,撒母耳記上,15,15:1-35,1,聽命勝於獻祭,2012-07-22
010592,林海盛牧師,27,詩篇,84,84:1-12,1,祂要賜下恩惠和榮耀,2012-11-11
010593,朱鏡明牧師,1,創世記,32,32:22-32,22,扭轉生命的摔跤,2012-11-11
010594,余大器牧師,46,哥林多前書,9,9:16-27,16,再談廣傳福音,2012-11-04
010595,張琳玲師母,48,加拉太書,5,5:13-14,13,愛屬天的智慧,2012-11-11
010596,徐興言長老,8,撒母耳記上,13,13:14,14,合神心意,2012-11-04
010598,林以諾牧師,8,撒母耳記上,16,16:1-23,1,合神心意的王－－大衛 (1) 人看外貌神看內心,2012-08-05
010599,林以諾牧師,8,撒母耳記上,17,17:1-58,1,合神心意的王－－大衛 (2) 爭戰勝敗全在乎耶和華,2012-08-12
010600,何志滌牧師,29,約伯記,8,8:1-10:22,1,約伯記系列 (7) 唇槍舌劍 I,2012-11-04
010601,譚鄭綺雯傳道,1,創世記,32,32:1-33:20,1,再前行,2012-11-11
010602,楊子江牧師,40,馬太福音,5,5:14-16,14,世上的光 *,2012-11-11
010603,林以諾牧師,8,撒母耳記上,20,20:13-16,13,合神心意的王－－大衛的考驗期 (1) ,2012-09-02
010604,林以諾牧師,8,撒母耳記上,22,22:15-17,15,合神心意的王－－大衛的考驗期 (2) ,2012-09-09
010605,李文芳牧師,42,路加福音,16,16:21-31,21,陰間故事的八個課題 (2),2012-11-11
010606,劉彤牧師,41,馬可福音,10,10:45,45,教會核心價值的再思,2012-11-11
010607,夏偉鵬牧師,40,馬太福音,6,6:1-6,1,不可假冒為善,2012-11-11
010608,潘智翔牧師,52,帖撒羅尼迦前書,5,5:16-18,16,為何要常感謝天父 (粵),2012-11-11
010609,潘智翔牧師,52,帖撒羅尼迦前書,5,5:16-18,16,為何要常感謝天父 (普),2012-11-11
010610,余大器牧師,13,耶利米書,17,17:7-8,7,建立禱告樹,2012-11-11
010611,江山偉傳道,42,路加福音,10,10:38-42,38,選擇生命,2012-11-18
010612,蔡沛良牧師,59,雅各書,1,1:2-12,2,蒙神的應許 (7) 忍受試探之福,2012-11-04
010613,蔡沛良牧師,27,詩篇,100,100:1-5,1,因信事奉,2012-11-11
010614,胡發宗牧師 ,43,約翰福音,4,4:27-38,27,收割的時代,2012-11-11
010615,吳宗文牧師,27,詩篇,116,116:1-19,1,感恩,2012-11-04
010616,林以諾牧師,9,撒母耳記下,1,1:1-4:12,1,王者品德,2012-09-30
010617,林以諾牧師,43,約翰福音,15,15:12,12,教會最基要的使命,2012-10-07
010618,蔡少琪牧師,46,哥林多前書,13,13:7,7,愛的盼望與堅持,2012-11-11
010619,方桂生牧師,31,路得記,1,1:16-17,16,士師記系列 (10) 滿得賞賜的女子－－路得,2012-11-18
010620,黃紹權牧師,54,提摩太前書,1,1:1-11,1,愛心與律法並存的藝術,2012-11-18
010621,俞大鳴牧師,49,以弗所書,4,4:17-32,17,改變之道,2012-11-18
010622,林以諾牧師,9,撒母耳記下,5,5:3-5,3,合一的阻攔,2012-10-14
010623,袁奕嫻牧師,44,使徒行傳,20,20:1-38,1,牧者風範,2012-11-18
010624,羅錫堅牧師,2,出埃及記,13,13:1-16,1,你與驢子相同的地方,2012-11-18
010625,張仲明牧師,62,約翰一書,4,4:1-6,1,認信基督的真理,2012-11-11
010626,樓恩德牧師,46,哥林多前書,10,10:1-13,1,前車可鑑,2012-11-18
010627,梁永善牧師,60,彼得前書,4,4:1-6,1,彼得前書釋讀 (17) 苦心經營,2012-11-17
010628,梁永善牧師,9,撒母耳記下,11,11:1-27,1,析讀大衛 (22) 欲蓋彌彰,2012-11-18
010629,陳志成傳道,10,列王記上,7,7:1-17:16,1,神級的事奉,2012-11-18
010630,陳恩廉長老,42,路加福音,5,5:1-11,1,彼得「認識主」,2012-11-11
010631,陳恩廉長老,27,詩篇,100,100:1-5,1,感恩頌讚,2012-11-18
010632,招世超牧師,46,哥林多前書,4,4:7,7,如何能常感謝天父,2012-11-18
010633,林偉俊牧師,33,傳道書,3,3:1-22,1,得時，不得時,2012-11-18
010634,鍾樹森牧師,8,撒母耳記上,15,15:1-35,1,選擇與告別 *,2012-11-18
010635,夏偉鵬牧師,40,馬太福音,6,6:7-15,7,主，教我禱告,2012-11-18
010636,徐興言長老,35,但以理書,1,1:8,8,立志為神,2012-11-18
010637,周弘毅牧師,27,詩篇,16,16:1-11,1,喜樂與福祉,2012-11-18
010638,翁淑儀傳道,27,詩篇,65,65:11,11,不變的真理,2012-11-18
010639,蘇穎睿牧師,42,路加福音,12,12:35-48,35,儆醒等候,2012-11-17
010640,蘇穎睿牧師,43,約翰福音,4,4:43-54,43,見到就信？未必！,2012-11-23
010641,林以諾牧師,9,撒母耳記下,6,6:1-21,1,用正確態度事奉神,2012-11-11
010642,張賢才牧師,1,創世記,32,32:22-32,22,摶鬥,2012-11-18
010643,黃紹權牧師,54,提摩太前書,1,1:12-20,12,能事奉神，夫復何求,2012-11-25
010644,余大器牧師,2,出埃及記,34,34:1-35,1,感恩圖報的人,2012-11-25
010645,王文賢傳道,42,路加福音,9,9:57-10:11,57,一條簡單卻不容易的路,2012-11-17
010646,林玉英牧師,41,馬可福音,13,13:1-13,1,當預言應驗時,2012-11-18
010647,林玉英牧師,43,約翰福音,18,18:33-38,33,主是我王？,2012-11-24
010648,王家輝牧師,27,詩篇,126,126:1-6,1,苦盡甘來,2012-11-25
010649,劉彤牧師,46,哥林多前書,4,4:1-2,1,作神忠心的管家,2012-11-25
010650,曹偉彤牧師博士,41,馬可福音,10,10:17-27,17,放下所有，跟從基督,2012-11-18
010651,陳廣文教師,49,以弗所書,6,6:10-20,10,你準備好未？,2012-11-25
010652,蕭壽華牧師,58,希伯來書,12,12:1-11,1,脫去纏累，專注耶穌,2012-11-25
010653,陳國添牧師,2,出埃及記,6,6:1-13,1,有誰能像祢？,2012-11-11
010654,梁譽豪牧師,33,傳道書,2,2:1-11,1,喜樂由祢創 (2),2012-11-18
010655,楊漢義牧師,49,以弗所書,4,4:17-32,17,從內而外的改變,2012-11-25
010656,黎頌遠傳道,2,出埃及記,17,17:8-13,8,滿有信心的行動,2012-11-27
010657,林克龍博士,44,使徒行傳,5,5:29,29,政教分離與浸信會,2012-11-25
010658,陸劍雄牧師,42,路加福音,18,18:1-8,1,祈禱滅灰心,2012-11-25
010659,羅錫為牧師,42,路加福音,4,4:18-19,18,跟隨耶穌追求公義和平,2012-11-25
010660,伍嘉偉牧師,44,使徒行傳,5,5:1-11,1,是懼怕，還是敬畏,2012-11-04
010661,招世超牧師,58,希伯來書,11,11:1-5,1,有以諾一樣的信心 (粵),2012-11-25
010662,潘智翔牧師,58,希伯來書,11,11:1-5,1,有以諾一樣的信心 (普),2012-11-24
010663,吉中鳴牧師,27,詩篇,90,90:3-12,3,人生一日數,2012-11-25
010664,李文芳牧師,40,馬太福音,6,6:9-13,9,主禱文之過去現在將來,2012-11-25
010665,盧龍光牧師博士,43,約翰福音,20,20:30-31,30,得生命的書－－《聖經》,2012-11-25
010666,何志滌牧師,29,約伯記,9,9:1-10:22,1,約伯記系列 (8) 唇槍舌劍 II,2012-11-25
010667,蘇穎智牧師,40,馬太福音,7,7:24-27,24,人生之根基,2012-11-25
010668,張仲明牧師,62,約翰一書,4,4:7-21,7,神就是愛－－完滿的愛,2012-11-25
010669,黃紹權牧師,54,提摩太前書,2,2:1-15,1,謹守主賜身份去敬拜事奉神,2012-12-02
010670,俞大鳴牧師,45,羅馬書,6,6:1-14,1,更新自我形象,2012-12-02
010671,文子安牧師,27,詩篇,132,132:1-18,1,上帝的殿,2012-11-04
010672,陳俊文(Philip)傳道,1,創世記,21,21:1-22:24,1,亞伯拉罕 (7) 三落三起，全然奉獻,2012-11-18
010673,陳俊文(Philip)傳道,67,,,,0,福音九型人,2012-12-02
010674,蔡少琪牧師,45,羅馬書,15,15:17-24,17,祝福萬民的福音 (74) 務要同心，興旺福音,2012-11-25
010675,方桂生牧師,7,士師記,1,1:13-15,13,士師記系列 (11) 士師記中的女性,2012-12-02
010676,高國雄牧師,58,希伯來書,11,11:1-40,1,我們因著信,2012-12-01
010677,何家倫牧師,50,腓立比書,1,1:12-26,12,使徒的牽掛,2012-12-02
010678,樓恩德牧師,8,撒母耳記上,25,25:1-38,1,智慧的語言,2012-12-02
010679,劉彤牧師,42,路加福音,2,2:10-11,10,回應聖誕的行動,2012-12-02
010680,孫惠玲 姊妹,2,出埃及記,14,14:10-31,10,從埋怨到讚美,2012-12-02
010681,蕭壽華牧師,55,提摩太後書,2,2:1-10,1,為神的道剛強,2012-12-02
010683,林海盛牧師,28,箴言,15,15:1-4,1,彼此相愛－－言語的藝術,2012-12-02
010684,鍾樹森牧師,8,撒母耳記上,25,25:2-5,2,以善勝惡 *,2012-12-02
010686,梁永善牧師,60,彼得前書,4,4:7,7,彼得前書釋讀 (18) 儆醒禱告候主臨,2012-12-01
010687,梁永善牧師,9,撒母耳記下,12,12:1-25,1,析讀大衛 (23) 愛深責切,2012-12-02
010689,陳小麗牧師,38,歷代志上,29,29:1-5,1,獻你青春的力量,2012-12-02
010690,陳恩賜牧師,43,約翰福音,1,1:6-8,6,積極幫助人認識神 (粵),2012-12-02
010691,陳恩賜牧師,43,約翰福音,1,1:6-8,6,積極幫助人認識神 (普),2012-12-02
010692,何志滌牧師,29,約伯記,11,11:1-14:22,1,約伯記系列 (9) 針鋒相對,2012-12-02
010693,胡發宗牧師 ,60,彼得前書,2,2:4-5,4,生命的建造,2012-12-02
010694,楊詠嫦院長,46,哥林多前書,7,7:7,7,單身觀與單身路,2012-11-30
010695,吳宗文牧師,40,馬太福音,24,24:36,36,12月21日的末世情懷,2012-12-02
010696,黃家名牧師,60,彼得前書,4,4:7-11,7,彼此，彼此,2012-11-25
010697,蔡少琪牧師,45,羅馬書,15,15:25-33,25,祝福萬民的福音 (75) 隨時隨地都帶著主的豐盛,2012-12-02
010698,俞大鳴牧師,45,羅馬書,13,13:8-14,8,排除心內的毒,2012-12-09
010699,湯寶源傳道,11,列王記下,3,3:15-27,15,摩押戰敗，但以色列人遭遇耶和華的大怒沒有全勝,2012-12-09
010700,張仲明牧師,62,約翰一書,5,5:1-12,1,向世界誇勝,2012-12-02
010701,余大器牧師,40,馬太福音,9,9:35-38,35,三步五祝福,2012-12-09
010702,呂君望牧師,51,歌羅西書,4,4:2-6,2,見證還需見證人,2012-12-09
010703,孫寶玲牧師,44,使徒行傳,4,4:32-5:11,32,死亡之道，生命之道,2012-12-09
010705,蕭壽華牧師,46,哥林多前書,3,3:6-15,6,建立金銀寶石的生命,2012-12-09
010706,陳志強牧師,44,使徒行傳,12,12:1-24,1,死裡逃生,2012-12-09
010707,陳國添牧師,29,約伯記,29,29:1-5,1,因得救而感恩,2012-11-25
010708,巫慶朗長老,29,約伯記,1,1:13-22,13,苦難中認識神,2012-12-02
010709,陳國添牧師,2,出埃及記,11,11:1-10,1,預備走上得勝的道路,2012-12-09
010710,林明慧教師,44,使徒行傳,21,21:27-23:35,27,面對指控,2012-12-09
010711,羅錫堅牧師,2,出埃及記,15,15:22-27,22,上帝必看顧你,2012-12-09
010712,吳獻章博士,35,但以理書,9,9:1-19,1,影響力的本質－－談識場神學,2012-11-25
010713,梁家麟博士,43,約翰福音,21,21:1-14,1,吃的回憶,2012-12-02
010714,朱鏡明牧師,22,哈巴谷書,1,1:1-3:19,1,從疑惑到頌讚,2012-12-09
010715,劉彤牧師,12,以賽亞書,64,64:4,4,等候神的信、望、愛,2012-12-09
010716,馮大衛牧師,43,約翰福音,1,1:10-11,10,樂意接受耶穌為主 (粵),2012-12-09
010717,張恩弟兄,43,約翰福音,1,1:10-11,10,樂意接受耶穌為主 (普),2012-12-09
010718,羅錫為牧師,42,路加福音,22,22:14-20,14,跟隨耶穌迎向國度來臨,2012-12-09
010719,伍嘉偉牧師,44,使徒行傳,12,12:1-25,1,是逃犯，抑或是得釋放？,2012-12-09
010720,徐興言長老,22,哈巴谷書,3,3:17-19,17,因主歡欣,2012-12-09
010721,夏偉鵬牧師,12,以賽亞書,59,59:8-17,8,耶穌必須降生,2012-12-09
010722,葉向榮傳道,27,詩篇,126,126:1-6,1,樂在其中,2012-12-08
010723,羅泰然牧師,27,詩篇,125,125:1-5,1,耶和華圍繞我們,2012-11-11
010726,羅泰然牧師,27,詩篇,127,127:1-5,1,核心價值,2012-12-09
010727,蘇穎智牧師,40,馬太福音,3,3:11,11,「靈洗」的謬誤與真理,2012-12-09
010728,蘇穎智牧師,40,馬太福音,28,28:19,19,聖靈的位格,2012-12-09
010729,林以諾牧師,43,約翰福音,15,15:1-17,1,連結 起動,2012-12-09
010730,蔡少琪牧師,43,約翰福音,19,19:28-42,28,從馬槽到十字架,2012-12-09
010731,楊柏滿牧師,46,哥林多前書,1,1:24-29,24,平凡的人，不平凡的呼召,2012-12-16
010732,黃紹權牧師,54,提摩太前書,3,3:1-13,1,作神聖職的條件,2012-12-16
010733,梁永善牧師,43,約翰福音,1,1:14,14,道成肉身，肉身成道,2012-12-16
010734,朱卓慈牧師,27,詩篇,119,119:1-8,1,遵行神話語的祝福,2012-12-09
010735,俞大鳴牧師,45,羅馬書,13,13:8-14,8,毀滅憤怒和苦毒,2012-12-16
010736,陳恩明牧師,44,使徒行傳,24,24:1-26:32,1,瘋狂基督教？,2012-12-16
010737,王家輝牧師,14,以西結書,3,3:16-21,16,時代的守望者,2012-12-08
010738,黃天生老師,42,路加福音,18,18:1-8,1,恆切的禱告－－無權者的大能,2012-12-15
010739,王家輝牧師,23,西番雅書,3,3:14-20,14,應當歡呼,2012-12-16
010740,陳崇亮傳道,2,出埃及記,18,18:1-27,1,屬神子民的新秩序世界,2012-12-16
010741,余大器牧師,43,約翰福音,10,10:1-16,1,強盜、雇工、好牧人,2012-12-16
010743,林海盛牧師,40,馬太福音,13,13:44-46,44,天國人間系列 (10) 天國好像寶貝,2012-12-16
010744,吉中鳴牧師,41,馬可福音,10,10:21,21,人生幾個「一件事」,2012-12-16
010745,唐志濠傳道,42,路加福音,2,2:40-52,40,以我父的事為念的家庭,2012-12-09
010746,林偉俊牧師,42,路加福音,2,2:1-14,1,給你的好消息,2012-12-16
010747,馮大衛牧師,54,提摩太前書,2,2:1-7,1,關心別人身體心靈,2012-12-16
010748,顧宏義傳道,42,路加福音,2,2:8-12,8,給你的好消息,2012-12-16
010749,歐陽兆棠傳道,45,羅馬書,12,12:1,1,忠心事奉的標準,2012-12-09
010750,李寶珠牧師,42,路加福音,2,2:8-24,8,賀主降生、候主再來,2012-12-16
010751,黃紹權牧師,42,路加福音,1,1:26-45,26,一切由主動開始,2012-12-23
010752,俞大鳴牧師,40,馬太福音,18,18:21-35,21,饒恕,2012-12-23
010753,黎頌遠傳道,42,路加福音,1,1:46-55,46,聖誕‧尊主頌,2012-12-23
010754,高國雄牧師,40,馬太福音,2,2:1-12,1,博士與禮物,2012-12-23
010755,蔡少琪牧師,45,羅馬書,16,16:1-16,1,祝福萬民的福音 (76) 互為榜樣、彼此鼓勵,2012-12-23
010756,林以諾牧師,42,路加福音,2,2:6-7,6,愛在寒冬風雨時,2012-12-23
010757,劉彤牧師,47,哥林多後書,8,8:9,9,因祂貧窮，使我們富足,2012-12-23
010758,區寶燕傳道,42,路加福音,2,2:8-20,8,為主發光,2012-12-23
010759,王家輝牧師,12,以賽亞書,52,52:7-10,7,萬眾期待,2012-12-25
010760,陳恩廉長老,12,以賽亞書,9,9:6-7,6,不要懼怕,2012-12-23
010761,蘇穎睿牧師,40,馬太福音,2,2:1-12,1,聖誕與我何干？,2012-12-23
010762,陳恩明牧師,42,路加福音,2,2:1-20,1,美善平安夜,2012-12-24
010763,樓恩德牧師,42,路加福音,1,1:5-20,5,遇見天使的人,2012-12-25
010766,何家倫牧師,42,路加福音,2,2:8-14,8,聖誕節平安了！？　,2012-12-23
010767,蕭壽華牧師,42,路加福音,2,2:8-14,8,基督是我們的盼望,2012-12-22
010768,莫錦榮傳道,2,出埃及記,17,17:1-7,1,屬靈膽固醇,2012-09-30
010769,周健文博士,41,馬可福音,10,10:2-16,2,人意與神旨,2012-10-07
010770,陳慧冰牧師,41,馬可福音,10,10:35-45,35,以愛心服事,2012-10-21
010771,鄺振華牧師,42,路加福音,17,17:11-19,11,欠了神一聲多謝,2012-10-28
010772,莫錦榮傳道,27,詩篇,113,113:1-9,1,俯仰天地讚美神,2012-11-18
010773,蘇穎智牧師,46,哥林多前書,12,12:1-31,1,有關聖靈恩賜的謬誤與真理,2012-12-23
010775,蔡少琪牧師,45,羅馬書,16,16:17-21,17,祝福萬民的福音 (77) 願萬民都歸信基督,2012-12-30
010776,湯寶源傳道,11,列王記下,4,4:1-17,1,以利沙行神蹟：賜人生命的禮物 (1),2012-12-30
010777,樓恩德牧師,8,撒母耳記上,29,29:1-11,1,「人算」與「天算」,2012-12-30
010778,王家輝牧師,44,使徒行傳,5,5:27-42,27,虔守此信,2012-12-29
010779,林玉英牧師,42,路加福音,2,2:41-52,41,12歲的耶穌,2012-12-30
010780,林以諾牧師,43,約翰福音,1,1:14,14,基督的抉擇 (1),2012-12-31
010781,林長健牧師,50,腓立比書,3,3:13-16,13,獎賞,2012-12-30
010782,蕭壽華牧師,17,阿摩司書,8,8:4-14,4,當珍惜主的話,2012-12-30
010783,邱梓亮牧師,44,使徒行傳,27,27:1-28:31,1,主必引導,2012-12-30
010785,林誠信牧師,42,路加福音,21,21:34-36,34,靠神快樂,2012-12-30
010786,楊柏滿牧師,41,馬可福音,16,16:15,15,成為一間活出使命的教會,2013-01-01
010787,羅錫堅牧師,2,出埃及記,20,20:1-17,1,十誡100分,2012-12-30
010788,梁譽豪牧師,33,傳道書,3,3:11,11,喜樂由祢創 (3),2012-12-02
010789,林偉倫博士,45,羅馬書,7,7:18-25,18,豐盛人生的七個要訣 (5) 挑戰自我，征服心魔 II,2012-12-09
010790,李文芳牧師,47,哥林多後書,5,5:10-17,10,心內心外,2012-12-16
010791,李文芳牧師,42,路加福音,2,2:8-18,8,真係好消息,2012-12-23
010792,鍾樹森牧師,40,馬太福音,1,1:23,23,神與我們同在 *,2012-12-23
010794,周君善牧師,10,列王記上,17,17:8-16,8,必不短缺,2012-11-25
010795,周君善牧師,66,啟示錄,2,2:1-7,1,以弗所教會：愛心,2012-02-12
010796,周君善牧師,66,啟示錄,2,2:8-11,8,士每拿教會：忠心,2012-02-26
010797,周君善牧師,66,啟示錄,2,2:12-17,12,別迦摩教會：真理,2012-03-18
010798,周君善牧師,66,啟示錄,2,2:18-29,18,推雅推喇教會：聖潔,2012-05-06
010799,周君善牧師,66,啟示錄,3,3:1-6,1,撒狄教會：警醒,2012-06-10
010800,周君善牧師,66,啟示錄,3,3:7-13,7,非拉鐵非教會：傳道,2012-07-08
010801,周君善牧師,66,啟示錄,3,3:14-22,14,老底嘉教會：委身,2012-07-22
010802,劉彤牧師,12,以賽亞書,43,43:15-19,15,重新來認識你的神,2012-12-30
010803,俞大鳴牧師,40,馬太福音,18,18:15-17,15,與人和好,2012-12-30
010804,夏偉鵬牧師,40,馬太福音,2,2:1-12,1,從不安中找到平安,2012-12-30
010805,俞大鳴牧師,40,馬太福音,6,6:19-34,19,門徒理財,2013-01-06
010806,林以諾牧師,40,馬太福音,4,4:23-25,23,基督的抉擇 (2),2013-01-06
010807,楊柏滿牧師,43,約翰福音,16,16:7-14,7,從約書亞記看得勝的元素,2013-01-06
010808,黃嘉樂牧師,43,約翰福音,16,16:7-14,7,與我們同作見證的聖靈,2012-12-30
010809,陳仲康牧師,52,帖撒羅尼迦前書,5,5:1-11,1,最後一天,2013-01-06
010810,陳志強牧師,49,以弗所書,4,4:1-6,1,與恩典相稱,2013-01-06
010811,樓恩德牧師,50,腓立比書,4,4:4-9,4,由禱告開始,2013-01-06
010812,黃紹權牧師,54,提摩太前書,3,3:14-16,14,你可知牧者心,2013-01-06
010813,蕭壽華牧師,61,彼得後書,1,1:3-11,3,不要在認識主上閒懶不結果子,2013-01-06
010814,林海盛牧師,42,路加福音,17,17:11-19,11,蒙恩、感恩，是一個選擇,2012-12-30
010815,朱鏡明牧師,48,加拉太書,5,5:16-24,16,最佳嚮導,2013-01-06
010816,梁永善牧師,9,撒母耳記下,12,12:15-25,15,析讀大衛 (24) 強求無效,2013-01-06
010817,余大器牧師,46,哥林多前書,13,13:4-8,4,建立信望愛核心價值 (1) 有信，有望，有愛,2013-01-06
010819,陳志成傳道,42,路加福音,2,2:29-32,29,主啊，興起發光！,2012-12-23
010820,楊啟毅牧師,10,列王記上,17,17:1,1,不再一樣的你,2012-12-30
010821,陳志成傳道,55,提摩太後書,2,2:1,1,強化生命，實踐使命！,2013-01-06
010822,林誠信牧師,40,馬太福音,24,24:36,36,當預備迎見你的神,2012-12-30
010823,蔡永姚姑娘,43,約翰福音,21,21:15-19,15,主啊，祢知道,2012-12-30
010824,蔡少琪牧師,46,哥林多前書,1,1:1-9,1,你們是神的教會嗎？你們是聖徒嗎？,2013-01-06
010825,梁明財牧師,55,提摩太後書,3,3:1-13,1,保羅的叮嚀 (4),2013-01-06
010826,方桂生牧師,8,撒母耳記上,10,10:20-27,20,列王系列 (1) 君王戰士－－掃羅王,2013-01-06
010827,蘇穎智牧師,46,哥林多前書,14,14:1-40,1,關於「方言」之謬誤與真理,2012-12-23
010828,何志滌牧師,27,詩篇,90,90:1-17,1,努力向前走,2013-01-06
010829,招世超牧師,45,羅馬書,12,12:1-2,1,將身心獻上服侍神 (粵),2012-12-23
010830,招世超牧師,45,羅馬書,12,12:1-2,1,將身心獻上服侍神 (普),2012-12-23
010831,夏偉鵬牧師,40,馬太福音,6,6:19-24,19,攢財寶在天上,2013-01-06
010833,劉彤牧師,28,箴言,29,29:8-18,8,教會前進的動力,2013-01-13
010834,俞大鳴牧師,1,創世記,1,1:1-2:3,1,這是上帝的國,2013-01-13
010835,湯寶源傳道,11,列王記下,4,4:1-17,1,以利沙行神蹟：賜人生命的禮物 (2),2013-01-13
010836,蘇穎睿牧師,42,路加福音,12,12:49-59,49,時與機,2013-01-05
010837,高國雄牧師,40,馬太福音,2,2:1-12,1,禮物預備好了嗎,2013-01-05
010838,呂君望牧師,62,約翰一書,1,1:1-4,1,生命之道要相傳,2013-01-13
010839,林以諾牧師,9,撒母耳記下,7,7:2-7,2,我的殿宇，你的家室,2013-01-13
010840,蕭壽華牧師,61,彼得後書,1,1:12-21,12,注意照在暗處的明燈,2013-01-13
010841,林海盛牧師,41,馬可福音,12,12:28-31,28,愛人如己,2013-01-06
010842,陸劍雄牧師,43,約翰福音,15,15:11-17,11,與主對齊,2013-01-13
010843,梁譽豪牧師,66,啟示錄,1,1:1-6,1,耶穌基督的啟示 (2),2013-01-06
010844,李文芳牧師,43,約翰福音,5,5:1-9,1,我要起來,2013-01-06
010845,楊啟毅牧師,27,詩篇,1,1:1-6,1,強化生命 (1),2013-01-13
010846,譚鄭綺雯傳道,35,但以理書,1,1:1-21,1,耶和華作王,2013-01-13
010847,吳宗文牧師,42,路加福音,10,10:27,27,愛神,2013-01-06
010848,林誠信牧師,43,約翰福音,13,13:34-35,34,愛人,2013-01-13
010849,余大器牧師,52,帖撒羅尼迦前書,4,4:13-17,13,使徒保羅與帖撒羅尼迦前後書簡介,2013-01-13
010850,張慕皚博士,46,哥林多前書,13,13:9-12,9,愛邁向完全 (1),2013-01-13
010851,楊漢義牧師,27,詩篇,95,95:1-11,1,歡欣敬拜真神,2013-01-13
010852,方桂生牧師,54,提摩太前書,2,2:8,8,男性系列 (1) 我願男人無忿怒,2013-01-20
010853,羅錫堅牧師,2,出埃及記,25,25:1-9,1,上帝與你同在,2013-01-20
010854,蘇穎智牧師,44,使徒行傳,2,2:1-11,1,聖靈降臨與你,2013-01-13
010855,黃紹權牧師,54,提摩太前書,4,4:1-5,1,走了樣子的教會,2013-01-20
010856,蘇穎智牧師,14,以西結書,1,1:18-22,18,聖靈充滿與你,2013-01-13
010857,陳恩明牧師,27,詩篇,119,119:1-176,1,喜愛遵從聖經,2013-01-20
010858,王家輝牧師,41,馬可福音,2,2:1-12,1,合力、信心，奇蹟成真,2013-01-19
010859,陳仲康牧師,52,帖撒羅尼迦前書,5,5:18,18,凡事謝恩,2013-01-13
010860,陳逸生牧師,41,馬可福音,4,4:2-20,2,在耶穌裡向下扎根向上結果,2013-01-13
010861,周健輝牧師,43,約翰福音,17,17:6-26,6,為愛和合一的禱告,2013-01-20
010862,胡發宗牧師 ,46,哥林多前書,10,10:1-13,1,我們可以勝過試探,2013-01-20
010863,梁廷益牧師,1,創世記,28,28:10-19,10,祈禱101 (粵),2013-01-06
010864,招世超牧師,1,創世記,28,28:10-19,10,祈禱101 (普),2013-01-06
010865,梁譽豪牧師,40,馬太福音,28,28:18-20,18,教會九M,2013-01-20
010866,蕭壽華牧師,61,彼得後書,2,2:1-10,1,假教師要面對審判,2013-01-20
010867,陳俊文(Philip)傳道,12,以賽亞書,41,41:2,2,基督、書卷與國度,2013-01-20
010868,林海盛牧師,5,申命記,5,5:1-7,1,十誡 (1) 不可有別的神,2013-01-20
010869,黃瑞君牧師,2,出埃及記,19,19:3-5,3,復還生命尊榮的棧道 (1),2013-01-20
010871,劉彤牧師,49,以弗所書,4,4:21-24,21,創造新文化,2013-01-20
010872,梁永善牧師,27,詩篇,51,51:1-19,1,析讀大衛 (25) 此求必應,2013-01-20
010873,梁永善牧師,60,彼得前書,4,4:8-9,8,彼得前書釋讀 (19) 切實相愛候主臨,2013-01-19
010874,余大器牧師,8,撒母耳記上,16,16:1-7,1,基督徒應有的存心,2013-01-20
010875,陳小麗牧師,10,列王記上,19,19:19-21,19,強化生命 (2),2013-01-20
010876,何志滌牧師,29,約伯記,15,15:1-17:16,1,約伯記系列 (10) 奇異恩典,2013-01-20
010877,徐興言長老,8,撒母耳記上,1,1:1-2,1,撒母耳的幼年,2013-01-13
010878,林克華牧師,2,出埃及記,20,20:13-14,13,維護婚姻與生命的神聖,2013-01-20
010879,鄭兆奇牧師,40,馬太福音,6,6:5-15,5,祈禱的障礙 (粵),2013-01-20
010880,潘智翔牧師,40,馬太福音,6,6:5-15,5,祈禱的障礙 (普),2013-01-13
010881,馮大衛牧師,2,出埃及記,32,32:32,32,代禱的竅門 (粵),2013-01-20
010882,張恩弟兄,2,出埃及記,32,32:32,32,代禱的竅門 (普),2013-01-20
010883,蘇穎智牧師,40,馬太福音,5,5:13-16,13,作世上的鹽和光,2013-01-20
010884,蘇穎睿牧師,43,約翰福音,5,5:10-18,10,封建枷鎖,2013-01-13
010885,江山偉傳道,6,約書亞記,3,3:1-17,1,來吧，跟著約櫃行！,2013-01-27
010886,黃紹權牧師,54,提摩太前書,4,4:6-10,6,向執事／牧者的吩咐 (1) 在指望中勞苦努力,2013-01-27
010887,蔡少琪牧師,50,腓立比書,1,1:1-11,1,活像基督 (1) 我體會基督的心腸,2013-01-20
010888,蘇穎睿牧師,42,路加福音,13,13:1-9,1,時辰未到,2013-01-19
010889,俞大鳴牧師,1,創世記,3,3:1-24,1,天國的法制,2013-01-27
010890,俞大鳴牧師,40,馬太福音,25,25:31-46,31,天國的審判,2013-01-27
010891,何家倫牧師,61,彼得後書,1,1:5-8,5,佳果獻主,2013-01-06
010892,林玉英牧師,37,尼希米記,8,8:1-12,1,不一樣的聆聽,2013-01-29
010893,高國雄牧師,42,路加福音,4,4:16-21,16,今天我們所傳的福音......,2013-01-27
010894,樓恩德牧師,43,約翰福音,15,15:1-8,1,祢的話語，我的禱告,2013-01-27
010895,劉彤牧師,28,箴言,29,29:18,18,過一個有夢想的人生,2013-01-27
010896,蕭壽華牧師,61,彼得後書,2,2:12-22,12,背棄真道何等可悲,2013-01-27
010897,陳國添牧師,28,箴言,24,24:30-34,30,懶惰，起來吧！,2013-01-13
010899,張賢才牧師,58,希伯來書,12,12:1-4,1,奔前路 (普),2013-01-20
010900,林偉傑牧師,40,馬太福音,25,25:31-46,31,樂意服務鄰舍,2013-01-27
010901,陳恩廉長老,42,路加福音,22,22:25-27,25,一個僕人的心態,2013-01-27
010902,夏偉鵬牧師,40,馬太福音,6,6:25-34,25,不要憂慮,2013-01-27
010903,徐興言長老,8,撒母耳記上,2,2:11-3:21,11,撒母耳的蒙召,2013-01-27
010904,謝又生牧師,14,以西結書,37,37:1-14,1,面對內心的枯骨平原,2013-01-27
010905,黃嘉樂牧師,44,使徒行傳,18,18:9-10,9,十字架的道理,2013-01-27
010906,林海盛牧師,1,創世記,19,19:1-14,1,罪惡之城,2013-01-13
010907,蘇穎智牧師,44,使徒行傳,16,16:6-10,6,馬其頓呼聲與夢境,2013-01-27
010908,招世超牧師,52,帖撒羅尼迦前書,1,1:4-5,4,用生命影響生命 (粵),2013-01-27
010909,招世超牧師,52,帖撒羅尼迦前書,1,1:4-5,4,用生命影響生命 (普),2013-01-27
010910,余德淳博士,27,詩篇,121,121:3,3,哀哭變跳舞,2013-01-27
010911,楊柏滿牧師,6,約書亞記,4,4:1-24,1,不要忘記神的作為,2013-02-03
010912,黃紹權牧師,50,腓立比書,4,4:10-14,10,遙知兄弟......,2013-02-03
010913,呂君望牧師,62,約翰一書,2,2:3-11,3,認識神，遵祂行,2013-02-03
010914,柯慧雯傳道,66,啟示錄,1,1:12-20,12,榮耀的耶穌基督,2013-02-03
010915,劉彤牧師,6,約書亞記,14,14:10-14,10,勇敢向前，得地為業,2013-02-03
010916,羅泰然牧師,44,使徒行傳,1,1:1-11,1,為甚麼站著望天,2013-01-27
010917,蔡少琪牧師,46,哥林多前書,2,2:6-16,6,你是屬靈的人嗎,2013-02-03
010918,陳志強牧師,44,使徒行傳,13,13:1-15,1,國度擴展,2013-02-03
010919,林以諾牧師,9,撒母耳記下,8,8:1-10:19,1,失腳於安逸與權力,2013-01-27
010921,朱鏡明牧師,1,創世記,18,18:16-33,16,與主同行的殊榮,2013-02-03
010922,梁譽豪牧師,66,啟示錄,1,1:1-6,1,耶穌基督的啟示 (3),2013-02-03
010923,鍾樹森牧師,6,約書亞記,1,1:1-18,1,剛強壯膽，甲子更新 *,2013-02-03
010925,梁永善牧師,9,撒母耳記下,13,13:1-14:33,1,析讀大衛 (26) 男人心，海底針,2013-02-03
010926,羅錫堅牧師,48,加拉太書,1,1:1-10,1,另一個福音,2013-02-03
010927,羅錫為牧師,33,傳道書,3,3:1-22,1,世間不平事,2013-02-02
010928,余大器牧師,52,帖撒羅尼迦前書,5,5:16-18,16,建立信望愛核心價值 (2) 喜樂、禱告、感恩,2013-02-03
010929,邱梓亮牧師,60,彼得前書,2,2:9,9,勇於傳揚福音,2013-02-03
010930,徐興言長老,8,撒母耳記上,5,5:1-7:3,1,撒母耳早期的服侍,2013-02-03
010931,何志滌牧師,29,約伯記,18,18:1-19:29,1,約伯記系列 (11) 在譴責和毀謗中重拾盼望,2013-02-03
010932,夏偉鵬牧師,40,馬太福音,24,24:23-30,23,如何分辨假基督 (女基督),2013-02-03
010933,鄭兆奇牧師,59,雅各書,5,5:16,16,藉祈禱改變世界 (粵),2013-02-03
010934,陳恩賜牧師,59,雅各書,5,5:16,16,藉祈禱改變世界 (普),2013-02-03
010935,林玉英牧師,13,耶利米書,1,1:4-10,4,除舊迎新,2013-02-03
010936,朱卓慈牧師,43,約翰福音,15,15:9-17,9,彼此相愛，同結果子,2013-02-03
010937,高國雄牧師,46,哥林多前書,13,13:1-13,1,完全的愛,2013-02-02
010939,周弘毅牧師,49,以弗所書,4,4:28-32,28,新人新生活－－建立與服事,2013-02-03
010940,胡發宗牧師 ,59,雅各書,4,4:7-10,7,拒絕魔鬼，選擇耶穌,2013-02-03
010941,梁明財牧師,55,提摩太後書,3,3:14-17,14,保羅的叮嚀 (5),2013-02-03
010942,俞大鳴牧師,1,創世記,11,11:27-12:9,27,上帝建國的方略,2013-02-03
010943,湯寶源傳道,11,列王記下,5,5:1-6,1,乃縵求醫之旅 (1) 上帝藉小女子救大男人,2013-02-10
010944,方桂生牧師,9,撒母耳記下,5,5:1-10,1,列王系列 (2) 合神心意的王－－大衛王,2013-02-10
010945,樓恩德牧師,64,約翰三書,1,1:1-4,1,癸巳年三願,2013-02-10
010946,林以諾牧師,43,約翰福音,3,3:14-15,14,蛇年蒙恩,2013-02-10
010947,何家倫牧師,40,馬太福音,24,24:45-51,45,抓真理，行真道,2013-02-15
010948,吳家駒教師,37,尼希米記,9,9:1-38,1,回望與前瞻,2013-02-09
010949,楊漢義牧師,12,以賽亞書,40,40:27-31,27,展翅上騰,2013-02-10
010950,區寶燕傳道,27,詩篇,1,1:1-6,1,有福的人生,2013-02-10
010951,吳宗文牧師,40,馬太福音,10,10:16,16,生肖講章：靈巧像蛇,2013-02-10
010952,蕭壽華牧師,27,詩篇,33,33:1-22,1,仰望主慈愛的人時常歡喜,2013-02-10
010953,羅錫為牧師,33,傳道書,5,5:1-7,1,敬拜的態度,2013-02-10
010954,黎頌遠傳道,27,詩篇,23,23:1-6,1,愛連綫,2013-02-17
010955,陳仲康牧師,44,使徒行傳,20,20:35,35,祝願真福平安,2013-02-17
010956,湯寶源傳道,11,列王記下,5,5:1-6,1,乃縵求醫之旅 (2) ,2013-02-17
010957,陳廣文教師,42,路加福音,4,4:14-21,14,使人得自由的救恩,2013-02-17
010958,羅泰然牧師,27,詩篇,124,124:1-8,1,耶和華幫助我們,2013-02-10
010959,張賢才牧師,58,希伯來書,12,12:1-4,1,奔前路 (粵),2013-01-27
010960,張賢才牧師,42,路加福音,10,10:25-37,25,你的......我的......,2013-02-03
010961,林偉成牧師,42,路加福音,24,24:13-35,13,改變生命的同行,2013-02-17
010962,陳慧冰牧師,40,馬太福音,2,2:1-12,1,歡欣敬拜主,2013-01-06
010963,周健文博士,12,以賽亞書,43,43:1-7,1,現在是......,2013-01-13
010964,陳慧冰牧師,43,約翰福音,2,2:1,1,迦拿婚宴的寓意,2013-01-20
010966,陳德蓉傳道,48,加拉太書,1,1:11-24,11,基督僕人傳基督,2013-02-17
010967,梁永善牧師,60,彼得前書,4,4:10-11,10,彼得前書釋讀 (20) 彼此服侍候主臨,2013-02-16
010968,梁永善牧師,1,創世記,3,3:1-23,1,蛇年話蛇,2013-02-17
010969,楊啟毅牧師,11,列王記下,4,4:1-7,1,源源不絕的供應,2013-02-10
010970,何志滌牧師,5,申命記,11,11:11-12,11,歡喜迎新年,2013-02-10
010971,陳傳華牧師博士,4,民數記,29,29:1-40,1,門徒系列之 向內望、向外望,2013-02-17
010972,溫偉耀博士,40,馬太福音,13,13:1-23,1,天國比喻中的福音廣傳,2013-02-17
010973,劉彤牧師,44,使徒行傳,2,2:41-47,41,影響世代的原則,2013-02-17
010974,楊柏滿牧師,6,約書亞記,6,6:1-5,1,不可能的任務,2013-02-24
010975,黃紹權牧師,54,提摩太前書,4,4:11-16,11,向執事的吩咐 (2) 嚴人嚴己的事奉精神,2013-02-24
010977,王家輝牧師,67,,,,0,機警如蛇,2013-02-10
010978,高國雄牧師,42,路加福音,4,4:1-13,1,勝過試探的力量來源,2013-02-17
010979,林玉英牧師,1,創世記,15,15:1-12,1,信是......,2013-02-23
010980,張慕皚博士,46,哥林多前書,13,13:9-12,9,愛邁向完全 (2),2013-02-10
010981,蔡少琪牧師,50,腓立比書,1,1:12-20,12,活像基督 (2) 叫基督在我身上照常顯大,2013-02-17
010982,方桂生牧師,54,提摩太前書,2,2:8,8,男性系列 (2) 我願男人無爭論,2013-02-17
010983,歐陽兆棠傳道,40,馬太福音,7,7:24-27,24,數之不盡的恩典,2013-02-17
010984,何家倫牧師,27,詩篇,119,119:33-48,33,快樂自由行,2013-02-10
010985,曹偉彤牧師博士,44,使徒行傳,16,16:1-10,1,福音的異象,2013-02-17
010986,羅泰然牧師,44,使徒行傳,2,2:41-47,41,教會的群體生活,2013-02-17
010987,黃瑞君牧師,45,羅馬書,8,8:28-30,28,尊榮生命終極戰,2013-02-24
010988,陳恩明牧師,58,希伯來書,13,13:4,4,以聖潔守護家庭,2013-03-17
010989,陳志成傳道,27,詩篇,103,103:1-5,1,感恩的生命,2013-02-24
010990,陳小麗牧師,11,列王記下,6,6:8-23,8,你看見甚麼,2013-03-03
010991,蘇穎睿牧師,42,路加福音,13,13:10-17,10,被擄的得釋放,2013-02-16
010992,蘇穎睿牧師,43,約翰福音,5,5:25-29,25,生死關頭,2013-02-24
010993,何羅乃萱師母,45,羅馬書,12,12:1-2,1,唔係咁樣可以點樣,2013-03-03
010994,黃紹權牧師,54,提摩太前書,5,5:1-2,1,向執事的吩咐 (3) 勸導的藝術與大原則 ,2013-03-03
010995,徐興言長老,8,撒母耳記上,7,7:1-8:22,1,撒母耳領百姓歸向神,2013-02-10
010996,方桂生牧師,10,列王記上,3,3:6-13,6,列王系列 (3) 他重視甚麼？智慧、財富、公主－－所羅門,2013-03-03
010997,徐興言長老,8,撒母耳記上,9,9:1-2:25,1,撒母耳臨別的話,2013-02-17
010998,徐興言長老,8,撒母耳記上,13,13:8-14,8,撒母耳行完人生路程,2013-02-24
010999,夏偉鵬牧師,40,馬太福音,7,7:1-6,1,不要論斷人,2013-02-24
