code,preacher,conference no.,lecture no.,title,book no.,book,verses
1322,古約翰,1,1,第一講 復興,,,
1326,古約翰,1,2,第二講 私藏數分的價銀,,,
1327,古約翰,1,3,第三講 要開墾你們的荒地,24,耶利米書,4:3-4:4
1329,古約翰,1,4,第四講 從墮落的地方起來,,,
1330,古約翰,1,5,第五講 禱告有效的秘訣,42,路加福音,11:10-11:13
1331,古約翰,1,6,第六講 有效力的禱告,59,雅各書,5:13-5:18
1328,古約翰,1,7,第七講 要被聖靈充滿,49,以弗所書,5:18-5:21
1319,吳子坤,1,1,開會詞,42,路加福音,9:18-9:36
1351,王載,1,1,第七講 寶貝的耶穌,60,彼得前書,2:4-2:7
1352,王載,1,2,第八講 「我來了」,58,希伯來書,10:4-10:7
1353,王載,1,3,第九講 猶疑,43,約翰福音,10:22-10:30
1354,王載,1,4,第十講 五種愚人,20,箴言,9:6-9:6
1345,祈理平,1,1,第一講 主釘十字架與復活,44,使徒行傳,2:30-2:36
1346,祈理平,1,2,第二講 靈洗,,,
1347,祈理平,1,3,第三講 耶穌再臨,44,使徒行傳,2:14-2:22
1338,趙柳塘,1,1,第一講　概論分三,,,
1339,趙柳塘,1,2,第二講,48,加拉太書,1:1-2:21
1340,趙柳塘,1,3,第三講,,,
1341,趙柳塘,1,4,第四講,48,加拉太書,2:15-4:7
1342,趙柳塘,1,5,第五講,,,
1343,趙柳塘,1,6,第六講,48,加拉太書,5:5-5:6
1344,趙柳塘,1,7,第七講,,,
1348,高樂弼,1,1,第四講 空瓶,12,列王記下,4:1-4:7
1349,高樂弼,1,2,第五講 迦南婦,40,馬太福音,15:21-15:28
1350,高樂弼,1,3,第六講 禱告與讀經,44,使徒行傳,20:17-20:35
1320,黃原素,1,1,開會講道,42,路加福音,9:27-9:36
1334,黃原素,1,1,第一講　五祭之概論,3,利未記,1:1-7:10
1321,黃原素,1,2,閉會講道,28,何西阿書,6:1-6:6
1335,黃原素,1,2,第二講　燔祭之研究,3,利未記,1:1-1:17
1336,黃原素,1,3,第三講　素祭之研究,3,利未記,2:1-2:16
1337,黃原素,1,4,第四講　平安祭之研究,3,利未記,3:1-3:17
1333,黃原素,1,5,第五講　贖罪祭之研究,3,利未記,4:1-4:35
1332,黃原素,1,6,第六講　贖愆祭之研究,3,利未記,5:1-5:19
1534,吳勇,40,1,第一講 今日的時代,24,耶利米書,1:2-1:3
1535,吳勇,40,2,第二講 哀哭,24,耶利米書,2:9-2:11
1540,吳勇,40,3,第三講 三件傷心的事,24,耶利米書,7:1-7:10
1541,吳勇,40,4,第四講 呼召耶利米,24,耶利米書,1:5-1:9
1543,吳勇,40,5,第五講 復興的亞伯拉罕,1,創世記,12:9-12:20
1542,吳勇,40,6,第六講 人子近了,1,創世記,4:17-4:24
1544,吳勇,40,7,第七講 主怎樣來？,44,使徒行傳,1:9-1:11
1545,吳勇,40,8,第八講 請主來,4,民數記,6:1-6:8
1546,吳勇,40,9,第九講 基督徒的分辨,44,使徒行傳,26:28-26:28
1547,吳勇,40,10,第十講 住在基督裏,43,約翰福音,15:1-15:16
1548,吳勇,40,11,第十一講 末世教會,66,啟示錄,2:1-2:4
1539,吳勇,40,12,第十二講 教會的路,40,馬太福音,18:15-18:20
1538,吳勇,40,13,第十三講 生命的江河,43,約翰福音,7:37-7:38
1537,吳勇,40,14,第十四講 神的傷心,23,以賽亞書,66:7-66:8
1536,吳勇,40,15,第十五講 主的道路,40,馬太福音,7:13-7:14
1533,吳勇,40,16,第十六講 跟隨耶穌,46,哥林多前書,2:14-2:15
1508,吳明節,40,1,第一講 旗開得勝的摩西,2,出埃及記,17:8-17:16
1532,吳明節,40,1,第一講 逼迫逃難,40,馬太福音,2:1-2:18
1509,吳明節,40,2,第二講 失敗的掃羅,9,撒母耳記上,28:15-28:19
1531,吳明節,40,2,第二講 被魔試探,40,馬太福音,4:1-4:11
1510,吳明節,40,3,第三講 撒勒法的寡婦,,,
1530,吳明節,40,3,第三講 被人厭棄,40,馬太福音,13:53-13:58
1511,吳明節,40,4,第四講 灰心絕望的先知以利亞,11,列王記上,19:1-19:18
1529,吳明節,40,4,第四講 感情的傷害,40,馬太福音,10:2-10:2
1512,吳明節,40,5,第五講 以利沙靈程的四個步驟,12,列王記下,2:1-2:15
1528,吳明節,40,5,第五講 被釘十架,40,馬太福音,27:33-27:34
1513,吳明節,40,6,第六講 修建聖城的尼希米,16,尼希米記,1:1-1:4
1527,吳明節,40,6,第六講 常為弟兄而受苦,40,馬太福音,25:41-25:46
1507,吳明節,40,7,第七講 背道的約拿,,,
1461,楊濬哲,40,1,序,,,
1463,鄭德音,40,1,港九培靈研經大會四十週年閉會詞,,,
1515,鮑會園,40,1,第一講 神的話降臨,28,何西阿書,1:1-1:1
1516,鮑會園,40,2,第二講 耶斯列的罪,28,何西阿書,1:4-1:5
1517,鮑會園,40,3,第三講 神的管教,28,何西阿書,2:1-2:23
1518,鮑會園,40,4,第四講 完全的愛,28,何西阿書,3:1-3:5
1519,鮑會園,40,5,第五講 生命的知識,28,何西阿書,4:1-4:6
1520,鮑會園,40,6,第六講 神的爭辯,28,何西阿書,4:1-4:19
1521,鮑會園,40,7,第七講 悔改的呼召,28,何西阿書,5:1-6:11
1526,鮑會園,40,8,第八講 要心裡思想,28,何西阿書,7:1-7:16
1524,鮑會園,40,9,第九講 以色列人的偶像,28,何西阿書,8:1-9:17
1525,鮑會園,40,10,第十講 心懷二意,28,何西阿書,10:1-10:15
1523,鮑會園,40,11,第十一講 慈繩愛索,28,何西阿書,11:1-12:1
1522,鮑會園,40,12,第十二講 當歸向你的神,28,何西阿書,12:1-13:16
1514,鮑會園,40,13,第十三講 豐盛的生命,28,何西阿書,14:1-14:9
1462,黃原素,40,1,港九培靈研經大會四十週年致詞,,,
1471,孫維廉,41,1,第一講 七個揭開（啟示錄）,,,
1549,孫維廉,41,1,第一講 天上屬靈的福氣（七福氣）,49,以弗所書,1:3-1:14
1465,孫維廉,41,2,第二講 第一福氣 ── 神揀選我們,49,以弗所書,1:4-1:4
1472,孫維廉,41,2,第二講 第二個揭幕 ── 在異象中的耶穌,66,啟示錄,1:9-1:18
1466,孫維廉,41,3,第三講 第二福氣 ── 得兒子的名分,49,以弗所書,1:5-1:5
1473,孫維廉,41,3,第三講 第三個揭幕 ── 教會的主,66,啟示錄,1:19-1:20
1467,孫維廉,41,4,第四講 第三福氣 ── 被接納的恩典,49,以弗所書,1:6-1:6
1474,孫維廉,41,4,第四講 第四個揭幕 ── 揭開七印的獅子,66,啟示錄,5:1-5:14
1468,孫維廉,41,5,第五講 第四福氣 ── 赦免我們的罪,49,以弗所書,1:7-1:8
1475,孫維廉,41,5,第五講 第五個揭幕 ── 信徒禱告的效力,66,啟示錄,8:1-8:6
1469,孫維廉,41,6,第六講 第五福氣 ── 知道神的美意,49,以弗所書,1:9-1:10
1476,孫維廉,41,6,第六講 第六個揭幕 ── 再來的主,66,啟示錄,19:11-19:16
1464,孫維廉,41,7,第七講 第六福氣 ── 得神的基業,49,以弗所書,1:11-1:12
1470,孫維廉,41,7,第七講 第七個揭幕 ── 祂是阿拉法，俄梅戛,,,
1325,孫維廉,41,8,第八講 第七福氣 ── 聖靈為印記,49,以弗所書,1:13-1:14
1506,林道亮,41,1,第一講 得永遠的生命,,,
1505,林道亮,41,2,第二講 人像神,,,
1504,林道亮,41,3,第三講 信耶穌與彼此相愛,,,
1503,林道亮,41,4,第四講 永火的審判,,,
1502,林道亮,41,5,第五講 進窄門,,,
1501,林道亮,41,6,第六講 進窄門得永生,,,
1500,林道亮,41,7,第七講 愛的兩面,,,
1499,林道亮,41,8,第八講 愛心的實行 ── 領人歸主,,,
1498,林道亮,41,9,第九講 認罪與平安,,,
1497,林道亮,41,10,第十講 更清楚認識罪,,,
1496,林道亮,41,11,第十一講 認識神的大名,,,
1495,林道亮,41,12,第十二講 以馬內利,,,
1494,林道亮,41,13,第十三講 持守末後的救恩,,,
1493,林道亮,41,14,第十四講 天國子民的資格,,,
1492,林道亮,41,15,第十五講 天國子民的福份,,,
1491,林道亮,41,16,第十六講 主的新命令,,,
1324,楊濬哲,41,1,序,,,
1478,胡恩德,41,1,第一講 失敗與希望,11,列王記上,1:1-22:53
1479,胡恩德,41,2,第二講 從神而來的權柄,11,列王記上,1:5-1:6
1480,胡恩德,41,3,第三講 公義的王權,11,列王記上,2:1-2:9
1481,胡恩德,41,4,第四講 智慧與豐富,,,
1482,胡恩德,41,5,第五講 耶和華神的殿,,,
1483,胡恩德,41,6,第六講 神的同在,11,列王記上,6:23-6:25
1484,胡恩德,41,7,第七講 名聲與失敗,11,列王記上,10:1-10:10
1485,胡恩德,41,8,第八講 分裂的國度,11,列王記上,12:1-12:33
1486,胡恩德,41,9,第九講 神的見證人,11,列王記上,13:1-13:34
1487,胡恩德,41,10,第十講 必按公義審判我們,11,列王記上,15:29-15:30
1488,胡恩德,41,11,第十一講 黑暗背道中神仍作工,11,列王記上,17:1-17:24
1489,胡恩德,41,12,第十二講 禱告的事奉,11,列王記上,17:17-17:24
1490,胡恩德,41,13,第十三講 為萬軍耶和華神大發熱心,11,列王記上,19:9-19:18
1477,胡恩德,41,14,第十四講 向人施恩的神,11,列王記上,20:1-20:6
1419,楊濬哲,42,1,序,,,
1420,滕近輝,42,1,第一講 七個呼聲,,,
1422,滕近輝,42,2,第二講 七福,,,
1423,滕近輝,42,3,第三講 基督的七對名字,,,
1424,滕近輝,42,4,第四講 新耶路撒冷的七種完全,,,
1425,滕近輝,42,5,第五講 七個對比,,,
1426,滕近輝,42,6,第六講 主耶穌的七對異象,,,
1427,滕近輝,42,7,第七講 七新,,,
1428,滕近輝,42,8,第八講 撒但作為的七象,,,
1429,滕近輝,42,9,第九講 撒但的七個名字,,,
1430,滕近輝,42,10,第十講 七個數字,,,
1431,滕近輝,42,11,第十一講 七讚,,,
1421,滕近輝,42,12,第十二講 天上七次發聲讚,,,
1446,王永信,42,1,第一講 你在那裏？,1,創世記,3:1-3:13
1447,王永信,42,2,第二講 信徒應有的三種表現,52,帖撒羅尼迦前書,2:3-2:10
1448,王永信,42,3,第三講 你的兄弟在那裏？,1,創世記,4:1-4:11
1449,王永信,42,4,第四講 雅各屬靈上的轉機,1,創世記,28:10-28:22
1450,王永信,42,5,第五講 爭戰的兩支軍隊,2,出埃及記,17:8-17:16
1451,王永信,42,6,第六講 為萬軍之耶和華重建聖殿,15,以斯拉記,1:1-1:3
1452,王永信,42,7,第七講 重建聖城,16,尼希米記,1:1-1:4
1453,王永信,42,8,第八講 欠債,45,羅馬書,1:14-1:16
1460,王永信,42,9,第九講 教會面前的兩條路,40,馬太福音,6:24-6:23
1454,王永信,42,10,第十講 不徹底的教會,49,以弗所書,2:4-2:7
1455,王永信,42,11,第十一講 中立式的教會,40,馬太福音,12:30-12:4
1456,王永信,42,12,第十二講 失去能力的教會,7,士師記,13:1-13:5
1457,王永信,42,13,第十三講 假的教會,7,士師記,17:1-17:13
1458,王永信,42,14,第十四講 悔改的教會,10,撒母耳記下,12:1-12:10
1459,王永信,42,15,第十五講 以便以謝感恩的教會,9,撒母耳記上,4:1-4:11
1445,王永信,42,16,第十六講 建造教會,13,歷代志上,28:1-28:5
1439,黃聿侯,42,1,第一講 領人歸主的責任,26,以西結書,3:17-3:21
1550,黃聿侯,42,1,第一講 基督是永生神的兒子,40,馬太福音,16:13-16:20
1433,黃聿侯,42,2,第二講 人說人子是誰,40,馬太福音,16:13-16:20
1440,黃聿侯,42,2,第二講 怎樣領人赴會,19,詩篇,122:1-122:9
1434,黃聿侯,42,3,第三講 教會建造在磐石上,40,馬太福音,16:13-16:20
1441,黃聿侯,42,3,第三講 略談讀經,19,詩篇,119:89-119:96
1435,黃聿侯,42,4,第四講 生活在教會中的信仰,40,馬太福音,16:13-16:27
1442,黃聿侯,42,4,第四講 學習禱告,42,路加福音,11:1-11:13
1436,黃聿侯,42,5,第五講 得勝陰間的權柄,40,馬太福音,16:13-16:20
1443,黃聿侯,42,5,第五講 肢體的生活,45,羅馬書,12:2-12:31
1437,黃聿侯,42,6,第六講 面向十字架的信仰,40,馬太福音,16:13-16:27
1444,黃聿侯,42,6,第六講 做忠心有見識的管家,40,馬太福音,25:14-25:30
1432,黃聿侯,42,7,第七講 背負十字架的能力,40,馬太福音,16:13-16:27
1438,黃聿侯,42,7,第七講 至死盡忠,43,約翰福音,12:20-12:36
1409,周主培,43,1,第一講 將往何處？,43,約翰福音,20:19-20:23
1410,周主培,43,2,第二講 並沒有分別,45,羅馬書,3:22-3:13
1411,周主培,43,3,第三講 壓傷的蘆葦將殘的燈火,40,馬太福音,12:18-12:21
1412,周主培,43,4,第四講 失喪的人,42,路加福音,19:10-19:10
1413,周主培,43,5,第五講 求神鑑察,60,彼得前書,4:17-4:6
1414,周主培,43,6,第六講 福音本是神的大能,45,羅馬書,1:16-1:16
1415,周主培,43,7,第七講 將心歸神,20,箴言,23:26-23:26
1416,周主培,43,8,第八講 「沒有異象民就滅亡」,66,啟示錄,1:8-1:20
1417,周主培,43,9,第九講 奇妙的愛,43,約翰福音,21:15-21:19
1418,周主培,43,10,第十講 靠主喜樂,19,詩篇,16:1-16:11
1382,楊濬哲,43,1,序,,,
1395,祈柏,43,1,第一講 我們活潑的盼望,,,
1396,祈柏,43,2,第二講 聖潔生命之供養,60,彼得前書,1:13-2:10
1397,祈柏,43,3,第三講 蒙召受苦,60,彼得前書,2:11-2:25
1398,祈柏,43,4,第四講 家庭生活,60,彼得前書,3:1-3:22
1399,祈柏,43,5,第五講 積極的聖潔生活,60,彼得前書,3:8-3:20
1400,祈柏,43,6,第六講 為信仰而活,60,彼得前書,4:12-5:11
1401,鮑會園,43,1,第一講 復興的預備──以斯拉記全貌,,,
1402,鮑會園,43,2,第二講 復興的啟示,15,以斯拉記,1:1-1:4
1403,鮑會園,43,3,第三講 復興的呼召,15,以斯拉記,1:1-1:11
1404,鮑會園,43,4,第四講 順服的喜樂,15,以斯拉記,2:68-3:13
1405,鮑會園,43,5,第五講 竭力爭戰,15,以斯拉記,4:1-5:2
1406,鮑會園,43,6,第六講 得勝有餘,15,以斯拉記,1:1-6:22
1407,鮑會園,43,7,第七講 持守見證,15,以斯拉記,8:1-8:36
1408,鮑會園,43,8,第八講 重新得力,15,以斯拉記,9:1-10:17
1364,吉兆頎,44,1,第一講　關於異象外的意義,20,箴言,29:18-29:18
1365,吉兆頎,44,3,第三講　異象的功用,20,箴言,29:18-29:18
1366,吉兆頎,44,4,第四講　異象的鑑別,24,耶利米書,23:16-23:16
1367,吉兆頎,44,5,第五講　異象的教訓,26,以西結書,1:4-1:14
1368,吉兆頎,44,6,第六講　活物的行動,26,以西結書,1:15-1:21
1370,吉兆頎,44,7,第七講　活物的環境,26,以西結書,1:22-1:28
1369,吉兆頎,44,8,第八講　聖殿的異象,26,以西結書,40:1-40:9
1371,吉兆頎,44,9,第九講　續「聖殿的異象」,,,
1355,楊濬哲,44,1,序,,,
1372,費述凱,44,1,第一講　路得信心的選擇,8,路得記,1:1-1:22
1377,費述凱,44,1,第一講　你我心目中的耶穌，是怎樣的一位耶穌呢？,58,希伯來書,1:1-1:14
1374,費述凱,44,2,第二講　路得信心的試驗,8,路得記,2:1-2:23
1378,費述凱,44,2,第二講　當時教會的信徒，是怎樣的一些信徒呢？,58,希伯來書,3:12-3:19
1375,費述凱,44,3,第三講　路得信心的順服,8,路得記,3:1-3:18
1379,費述凱,44,3,第三講　永遠得救的問題,58,希伯來書,5:8-5:14
1373,費述凱,44,4,第四講　路得信心的賞賜,8,路得記,4:1-4:22
1380,費述凱,44,4,第四講　彌賽亞也是祭司嗎？,58,希伯來書,7:1-7:28
1381,費述凱,44,5,第五講　耶穌只一次獻上身體夠了嗎？,58,希伯來書,10:1-10:18
1376,費述凱,44,6,第六講　信主的定義和三種鼓勵,58,希伯來書,11:1-11:40
1323,陳終道,44,1,第一講　基督的性格,40,馬太福音,11:28-11:30
1356,陳終道,44,2,第二講　基督的工作,41,馬可福音,6:34-6:34
1357,陳終道,44,3,第三講　基督的禱告,,,
1358,陳終道,44,4,第四講　基督的愛,,,
1359,陳終道,44,5,第五講　基督所責備及稱許的人,,,
1360,陳終道,44,6,第六講　基督所發的問題,,,
1361,陳終道,44,7,第七講　基督與瑪門,,,
1362,陳終道,44,8,第八講　從四福音裏看舊約的基督,40,馬太福音,15:17-15:20
1363,陳終道,44,9,第九講　基督再來,43,約翰福音,14:1-14:31
1260,吳勇,45,1,第一講 耶穌的寶血,,,
1262,吳勇,45,2,第二講 生命的異象,66,啟示錄,4:6-4:8
1263,吳勇,45,3,第三講 軟弱和恢復,9,撒母耳記上,21:1-21:15
1266,吳勇,45,4,第四講 青年與問題,21,傳道書,11:9-11:10
1268,吳勇,45,5,第五講 基督再來,27,但以理書,2:31-2:35
1270,吳勇,45,6,第六講 被召者多選上者少,4,民數記,14:20-14:24
1272,吳勇,45,7,第七講 建造聖城耶路撒冷,,,
1273,吳勇,45,8,第八講 會幕完工了,,,
1275,吳勇,45,9,第九講 同心合意興旺福音,,,
1277,吳勇,45,10,第十講 住在耶路撒冷的人,,,
1246,唐佑之,45,1,第一講 環境與經歷,27,但以理書,2:1-2:49
1247,唐佑之,45,2,第二講 夢幻或啟示,27,但以理書,2:1-2:49
1248,唐佑之,45,3,第三講 承受與擺脫,27,但以理書,2:1-3:30
1250,唐佑之,45,4,第四講 時間及永恆,27,但以理書,7:1-7:28
1252,唐佑之,45,5,第五講 異象及史實,27,但以理書,8:1-8:27
1253,唐佑之,45,6,第六講 蒙愛與期望,27,但以理書,9:1-9:27
1255,唐佑之,45,7,第七講 猛戰與天使,27,但以理書,6:1-6:28
1258,唐佑之,45,8,第八講 爭戰與得力,27,但以理書,10:1-10:21
1259,唐佑之,45,9,第九講 星光與永福,27,但以理書,11:1-12:13
1225,胡恩德,45,1,第一講 主再來的重要性,44,使徒行傳,1:9-1:11
1227,胡恩德,45,2,第二講 盼望主再來的態度,,,
1230,胡恩德,45,3,第三講 盼望主再來的福氣,49,以弗所書,1:15-1:18
1232,胡恩德,45,4,第四講 得贖的日子,49,以弗所書,1:13-1:14
1234,胡恩德,45,5,第五講 基督徒的審判,,,
1235,胡恩德,45,6,第六講 主再來的初步豫兆,40,馬太福音,24:1-25:46
1241,胡恩德,45,7,第七講 主再來與有關猶太人的預兆,40,馬太福音,24:15-24:31
1242,胡恩德,45,8,第八講 敵基督顯現與主再來,40,馬太福音,24:15-24:16
1244,胡恩德,45,9,第九講 星光與永福,,,
1197,于力工,46,1,第一講 基督是我們的愛人,22,雅歌,1:1-1:4
1198,于力工,46,2,第二講 基督是我們的牧人,,,
1199,于力工,46,3,第三講 基督是我們的榮耀,22,雅歌,1:13-1:14
1201,于力工,46,4,第四講 基督是我們的主,22,雅歌,5:10-5:16
1203,于力工,46,5,第五講 基督是我們的欣賞,22,雅歌,4:7-4:15
1204,于力工,46,6,第六講 基督是我們的旌旗,22,雅歌,2:2-2:6
1286,于力工,46,7,第七講 基督是我們的園主,23,以賽亞書,5:1-5:3
1206,于力工,46,8,第八講 基督是我們的朋友,22,雅歌,5:15-5:23
1207,于力工,46,9,第九講 基督是我們的一切,22,雅歌,1:1-8:14
1208,周主培,46,1,第一講 你們尋找甚麼,43,約翰福音,1:35-1:39
1210,周主培,46,2,第二講 耶穌基督,46,哥林多前書,2:1-2:5
1212,周主培,46,3,第三講 祂釘十架,,,
1213,周主培,46,4,第四講 光中見主,23,以賽亞書,6:1-6:13
1214,周主培,46,5,第五講 黎明日出,,,
1215,周主培,46,6,第六講 曠野樹林,23,以賽亞書,32:15-32:15
1217,周主培,46,7,第七講 當前急務,43,約翰福音,9:4-9:4
1218,周主培,46,8,第八講 殘燈不滅,40,馬太福音,12:20-12:20
1219,周主培,46,9,第九講 模範教會,43,約翰福音,12:1-12:11
1221,周主培,46,10,第十講 全家事奉,6,約書亞記,24:14-24:28
1184,鮑會園,46,1,第一講 知識的根基,,,
1185,鮑會園,46,2,第二講 真正的知識,51,歌羅西書,1:9-1:14
1186,鮑會園,46,3,第三講 無比的基督,51,歌羅西書,1:14-1:14
1187,鮑會園,46,4,第四講 蒙福的職份,51,歌羅西書,1:23-1:23
1188,鮑會園,46,5,第五講 有意義的生活,,,
1189,鮑會園,46,6,第六講 以基督誇勝,51,歌羅西書,2:8-2:23
1190,鮑會園,46,7,第七講 新人的生活,51,歌羅西書,3:1-3:17
1191,鮑會園,46,8,第八講 新人的責任,51,歌羅西書,3:18-3:18
1192,鮑會園,46,9,第九講 保羅最後的勸告,51,歌羅西書,4:2-4:18
1131,包忠傑,47,1,第一講 基督的奧秘,49,以弗所書,3:3-3:6
1134,包忠傑,47,2,第二講 舊約中的基督,33,彌迦書,5:2-5:27
1136,包忠傑,47,3,第三講 道成肉身的基督,50,腓立比書,2:5-2:8
1137,包忠傑,47,4,第四講 基督的恩典,56,提多書,2:11-2:15
1140,包忠傑,47,5,第五講 基督的寶血,58,希伯來書,9:11-9:28
1142,包忠傑,47,6,第六講 基督的十字架,42,路加福音,9:22-9:26
1143,包忠傑,47,7,第七講 基督的復活與升天,42,路加福音,24:13-24:46
1144,包忠傑,47,8,第八講 再來之王,41,馬可福音,11:1-11:10
1161,滕近輝,47,1,第一講 聖靈好像火一樣,,,
1163,滕近輝,47,2,第二講 靈火的能力在以利亞身上的具體表現,,,
1164,滕近輝,47,3,第三講 聖靈好像耶和華的手,,,
1165,滕近輝,47,4,第四講 聖靈的手降在以西結身上,,,
1166,滕近輝,47,5,第五講 聖靈的作為,,,
1167,滕近輝,47,6,第六講 新酵與舊酵,40,馬太福音,13:31-13:33
1168,滕近輝,47,7,第七講 聖靈的油也是能力的油,,,
1169,滕近輝,47,8,第八講 聖靈完全的能力,,,
1170,滕近輝,47,9,第九講 三個關於聖靈的比喻,,,
1171,滕近輝,47,10,第十講 聖靈的充滿,26,以西結書,1:12-1:21
1148,鮑會園,47,1,第一講 苦難與安慰,47,哥林多後書,1:1-1:11
1150,鮑會園,47,2,第二講 生命的記號,47,哥林多後書,1:12-1:12
1152,鮑會園,47,3,第三講 新約的執事,47,哥林多後書,3:1-4:18
1154,鮑會園,47,4,第四講 基督的使者,47,哥林多後書,5:1-5:21
1156,鮑會園,47,5,第五講 天父的兒女,47,哥林多後書,6:1-7:16
1157,鮑會園,47,6,第六講 樂意的奉獻,47,哥林多後書,8:1-9:15
1158,鮑會園,47,7,第七講 屬靈的權柄,47,哥林多後書,10:1-10:18
1160,鮑會園,47,8,第八講 足夠的恩典,47,哥林多後書,12:1-13:14
1059,史祈生,48,1,第一講 生命的印證(一),,,
1060,史祈生,48,2,第二講 生命的印證(二),40,馬太福音,5:4-5:4
1061,史祈生,48,3,第三講 生命的印證(三),40,馬太福音,5:5-5:5
1062,史祈生,48,4,第四講 生命的成長(一),40,馬太福音,2:1-6:34
1095,史祈生,48,5,第五講 生命的成長(二),40,馬太福音,5:7-5:7
1097,史祈生,48,6,第六講 生命的成長(三),40,馬太福音,5:8-5:8
1099,史祈生,48,7,第七講 生命的操練(一),40,馬太福音,5:9-5:9
1100,史祈生,48,8,第八講 生命的操練(二、三),40,馬太福音,5:10-5:12
1101,孫德生,48,1,第一講 聖靈的火,11,列王記上,18:12-18:40
1103,孫德生,48,2,第二講 聖靈是誰,43,約翰福音,14:15-14:18
1104,孫德生,48,3,第三講 聖靈降臨,44,使徒行傳,2:1-2:8
1106,孫德生,48,4,第四講 罪,49,以弗所書,4:25-4:32
1108,孫德生,48,5,第五講 聖靈充滿,49,以弗所書,5:15-6:9
1110,孫德生,48,6,第六講 聖靈所結的果子,48,加拉太書,5:16-5:23
1111,孫德生,48,7,第七講 聖靈與禱告,42,路加福音,11:1-11:13
1126,孫德生,48,8,第八講 傳福音給萬民,44,使徒行傳,11:19-11:30
1128,孫德生,48,9,第九講 迦勒專心跟從耶和華,6,約書亞記,14:6-14:14
1129,孫德生,48,10,第十講 高山與深淵,1,創世記,45:1-45:15
1051,張子華,48,1,第一講 神的兩個方法,,,
1052,張子華,48,2,第二講 義人必因信得生,35,哈巴谷書,1:12-2:10
1053,張子華,48,3,第三講 苦難中的喜樂,35,哈巴谷書,3:1-3:19
1054,張子華,48,4,第四講 懷疑神的愛,39,瑪拉基書,1:1-1:5
1055,張子華,48,5,第五講 藐視神的名,39,瑪拉基書,1:6-1:6
1056,張子華,48,6,第六講 懷疑神的公義,39,瑪拉基書,2:17-2:17
1057,張子華,48,7,第七講 奪取神的供物,39,瑪拉基書,3:8-3:12
1058,張子華,48,8,第八講 兩個問題,39,瑪拉基書,2:10-2:16
777,張子華,49,1,第一講 順服神權柄的重要性,,,
778,張子華,49,2,第二講 活在神話語旨意中的和諧生活,,,
779,張子華,49,3,第三講 與神和諧關係破壞的原因－ 失去起初的愛心,66,啟示錄,2:1-2:4
780,張子華,49,4,第四講 與神和諧的關係－ 順服神,9,撒母耳記上,15:1-15:23
781,張子華,49,5,第五講 與人和諧關係－ 如何解憎恨、不和,40,馬太福音,5:21-5:25
782,張子華,49,6,第六講 接受你自己,49,以弗所書,2:10-2:10
783,張子華,49,7,第七講 家庭的和諧－ 向父母服權,49,以弗所書,6:1-6:3
784,張子華,49,8,第八講 家庭的和諧－ 父母的責任,49,以弗所書,6:4-6:4
785,張子華,49,9,第九講 建立夫妻和諧生活,1,創世記,1:26-1:27
786,戴紹曾,49,1,第一講　初期教會的耶穌,,,
787,戴紹曾,49,2,第二講　聖靈和祂的工作,,,
788,戴紹曾,49,3,第三講　被聖靈充滿的司提反,,,
789,戴紹曾,49,4,第四講　巴拿巴完全的奉獻,,,
790,戴紹曾,49,5,第五講　巴拿巴衷心饒恕他的弟兄,,,
791,戴紹曾,49,6,第六講　巴拿巴的事奉,,,
792,戴紹曾,49,7,第七講　巴拿巴的見證,,,
793,戴紹曾,49,8,第八講　尋求神的旨意,,,
794,戴紹曾,49,9,第九講　初期教會增長的情形,,,
795,戴紹曾,49,10,第十講　為主受苦,,,
1385,楊濬哲,49,1,序,,,
768,艾理德,49,1,第一講 當心你的生活,,,
769,艾理德,49,2,第二講 與神與弟兄相交,62,約翰一書,1:1-1:4
770,艾理德,49,3,第三講 與基督教不能分開的倫理宣告,62,約翰一書,1:5-2:29
771,艾理德,49,4,第四講 與基督教不能分開的倫理宣告(續上),62,約翰一書,1:5-2:6
772,艾理德,49,5,第五講 生活的證據,62,約翰一書,2:7-2:27
773,艾理德,49,6,第六講 生活的試驗,62,約翰一書,2:18-2:27
774,艾理德,49,7,第七講 殷勤去作神的工,62,約翰一書,2:28-2:29
775,艾理德,49,8,第八講 神兒女的權利和義務,62,約翰一書,3:1-4:21
776,艾理德,49,9,第九講 愛裡沒有懼怕,62,約翰一書,3:18-3:24
736,楊濬哲,50,1,第一講 為甚麼我們要被聖靈充滿,42,路加福音,24:49-24:5
738,楊濬哲,50,2,第二講 甚麼是被聖靈充滿,,,
739,楊濬哲,50,3,第三講 被聖靈充滿的途徑,,,
740,楊濬哲,50,4,第四講 被聖靈充滿的果效,,,
731,鄭德音,50,1,第一講 神是誰？,44,使徒行傳,17:24-17:25
732,鄭德音,50,2,第二講 「人的罪惡」與「神的救贖」,1,創世記,3:1-3:24
734,鄭德音,50,3,第三講 神的救贖工作,23,以賽亞書,43:1-43:8
714,陳終道,50,1,第一講 聖經奇妙的影響力,,,
715,陳終道,50,2,第二講 聖經的可信,19,詩篇,119:89-119:17
716,陳終道,50,3,第三講讀聖經應有的態度,23,以賽亞書,50:4-50:4
717,陳終道,50,4,第四講 靈修讀經和熟讀聖經,5,申命記,6:4-6:9
718,陳終道,50,5,第五講 精細讀經,19,詩篇,1:1-1:6
720,陳終道,50,6,第六講 如何避免誤解聖經,55,提摩太後書,2:15-2:15
721,陳終道,50,7,第七講 查經可能遇到的難題,61,彼得後書,1:20-1:21
723,陳終道,50,8,第八講 聖經的預表和靈意,51,歌羅西書,2:16-2:17
724,陳終道,50,9,第九講 聖經的一貫性,42,路加福音,24:27-24:27
750,高文,50,1,第一講　承認罪過,14,歷代志下,20:1-20:12
751,高文,50,2,第二講　活在和諧禱告生活中,40,馬太福音,18:15-18:20
752,高文,50,3,第三講　得主寶血潔淨,58,希伯來書,9:11-9:12
754,高文,50,4,第四講　聖靈充滿的生活,43,約翰福音,14:12-14:19
755,高文,50,5,第五講　事奉永活的神,43,約翰福音,17:17-17:26
757,高文,50,6,第六講　得著新生命,42,路加福音,19:1-19:10
758,高文,50,7,第七講　活在神全美的旨意裡,45,羅馬書,8:14-8:18
759,高文,50,8,第八講　活在聖潔生活中,49,以弗所書,5:25-5:33
761,高文,50,9,第九講　活在主再來的盼望中,62,約翰一書,3:1-3:3
762,高文,50,10,第十講　得勝的生活,66,啟示錄,12:11-12:11
663,唐佑之,51,1,第一講　四匹馬的異象,38,撒迦利亞書,1:1-1:17
674,唐佑之,51,2,第二講 四角與準繩的異象,38,撒迦利亞書,1:18-2:13
675,唐佑之,51,3,第三講 約書亞的異象,38,撒迦利亞書,3:1-3:10
676,唐佑之,51,4,第四講 教會更新的果效,38,撒迦利亞書,4:1-4:2
677,唐佑之,51,5,第五講 教會應走的路線,38,撒迦利亞書,6:9-6:13
678,唐佑之,51,6,第六講 教會復興的真義,38,撒迦利亞書,7:1-7:7
679,唐佑之,51,7,第七講 好牧人,38,撒迦利亞書,10:1-10:7
680,唐佑之,51,8,第八講 泉源和活水,38,撒迦利亞書,13:1-13:1
682,張慕皚,51,1,第一講 認識我們的時代,,,
683,張慕皚,51,2,第二講 屬靈生命的更新,,,
685,張慕皚,51,3,第三講 禱告生活的更新,,,
686,張慕皚,51,4,第四講 奉獻生活的更新,60,彼得前書,4:7-4:8
688,張慕皚,51,5,第五講 彼此相愛的更新,,,
690,張慕皚,51,6,第六講 崇拜生活的更新,,,
691,張慕皚,51,7,第七講 人價值觀的更新,,,
692,張慕皚,51,8,第八講 時代使命感的更新,,,
1383,楊濬哲,51,1,序,,,
693,滕近輝,51,1,第一講 屬靈的境界,2,出埃及記,24:9-24:10
696,滕近輝,51,2,第二講 愛慕屬靈的福份 ― 信心的探險,5,申命記,34:1-34:3
697,滕近輝,51,3,第三講 舉手得勝 ― 何烈山上的復興,,,
698,滕近輝,51,4,第四講 完全的奉獻,,,
700,滕近輝,51,5,第五講 各各他山上的經歷,,,
701,滕近輝,51,6,第六講 全心全意歸向神,,,
703,滕近輝,51,7,第七講 看見基督的榮耀,,,
704,滕近輝,51,8,第八講 合神心意的教會接受大使命,,,
706,滕近輝,51,9,第九講 儆醒預備等候主再來,,,
647,史保羅,52,1,第一講　愛是恆久忍耐又有恩慈,,,
649,史保羅,52,2,第二講　愛是不嫉妒不自誇不張狂,46,哥林多前書,13:4-13:5
651,史保羅,52,3,第三講　愛是不作害羞的事不求自己的益處不輕易發怒,46,哥林多前書,13:5-13:5
652,史保羅,52,4,第四講　愛是不計算人的惡不喜歡不義只喜歡真理,46,哥林多前書,13:5-13:6
654,史保羅,52,5,第五講　凡事包容、相信、盼望、忍耐,46,哥林多前書,13:1-13:13
656,史保羅,52,6,第六講　無比的愛,46,哥林多前書,13:1-13:3
657,史保羅,52,7,第七講　愛的增長,46,哥林多前書,13:8-13:13
659,史保羅,52,8,第八講　當代神的聲音,,,
661,史保羅,52,9,第九講　神的呼召,,,
662,史保羅,52,10,第十講　神的旨意,,,
1384,楊濬哲,52,1,序,,,
614,焦源濂,52,1,第一講 約伯記簡介,,,
618,焦源濂,52,2,第二講　撒旦對約伯的第一次攻擊,18,約伯記,1:6-1:22
620,焦源濂,52,3,第三講　撒旦對約伯的第二次攻擊,18,約伯記,2:1-3:26
621,焦源濂,52,4,第四講　失敗的安慰者-以利法(一),18,約伯記,4:1-4:21
623,焦源濂,52,5,第五講　失敗的安慰者-以利法(二),18,約伯記,8:1-8:22
624,焦源濂,52,6,第六講　失敗的安慰者-比勒達,18,約伯記,11:1-31:20
626,焦源濂,52,7,第七講　失敗的安慰者-瑣法,18,約伯記,11:1-11:12
628,焦源濂,52,8,第八講　疑團盡消 皆大歡喜,18,約伯記,38:1-42:17
632,薛玉光,52,1,第一講　認識獨一的真神,,,
633,薛玉光,52,2,第二講　認識唯一的救主耶穌,43,約翰福音,17:1-17:3
634,薛玉光,52,3,第三講　認識聖靈,43,約翰福音,16:7-16:14
636,薛玉光,52,4,第四講　信服永不改變的聖經,24,耶利米書,32:36-32:39
638,薛玉光,52,5,第五講　神學信仰的合一,24,耶利米書,2:36-2:36
639,薛玉光,52,6,第六講　信徒生命的合一,62,約翰一書,1:1-1:4
641,薛玉光,52,7,第七講　教會事奉的合一,52,帖撒羅尼迦前書,1:9-1:10
642,薛玉光,52,8,第八講　福音工場的合一,40,馬太福音,28:16-28:20
591,戴紹曾,53,1,第一講 聖靈與差傳事工,44,使徒行傳,1:1-1:11
593,戴紹曾,53,2,第二講 禱告與差傳,44,使徒行傳,4:23-4:31
595,戴紹曾,53,3,第三講 神的話與差傳,,,
596,戴紹曾,53,4,第四講 基督徒與差傳,44,使徒行傳,8:1-8:8
603,戴紹曾,53,5,第五講 教會與差傳,44,使徒行傳,13:1-13:3
604,戴紹曾,53,6,第六講 差傳與事奉,44,使徒行傳,14:19-14:28
605,戴紹曾,53,7,第七講 差傳工作與家庭,44,使徒行傳,18:1-18:4
608,戴紹曾,53,8,第八講 差傳工作的原動力,50,腓立比書,3:7-3:16
610,戴紹曾,53,9,第九講 差傳工作的訓練和裝備,44,使徒行傳,16:1-16:5
611,戴紹曾,53,10,第十講 差傳與戴氏家族(略述),,,
574,林克己,53,1,第一講 蒙神呼召的神蹟,2,出埃及記,2:23-2:25
576,林克己,53,2,第二講 苦水變甜的神蹟,2,出埃及記,15:22-15:26
578,林克己,53,3,第三講 力上加力的神蹟,1,創世記,11:31-11:32
583,林克己,53,4,第四講 降火下雨的神蹟,11,列王記上,18:20-18:46
585,林克己,53,5,第五講 靠主喜樂的神蹟,35,哈巴谷書,3:16-3:19
586,林克己,53,6,第六講 五餅二魚的神蹟,41,馬可福音,6:30-6:44
588,林克己,53,7,第七講 耶穌履海的神蹟,40,馬太福音,8:23-8:27
590,林克己,53,8,第八講 得勝有餘的神蹟,45,羅馬書,8:1-8:2
1386,楊濬哲,53,1,序,,,
555,鮑會園,53,1,第一講 本書簡介及教會的分爭結黨,,,
558,鮑會園,53,2,第二講 三等人,46,哥林多前書,2:14-3:7
559,鮑會園,53,3,第三講 屬靈生命的建造,46,哥林多前書,3:10-3:17
565,鮑會園,53,4,第四講 錯誤的思想,46,哥林多前書,4:1-4:13
567,鮑會園,53,5,第五講 淫亂的問題,46,哥林多前書,5:1-5:13
569,鮑會園,53,6,第六講 基督徒生活的原則,46,哥林多前書,6:12-6:20
570,鮑會園,53,7,第七講 婚姻的生活,46,哥林多前書,7:1-7:17
571,鮑會園,53,8,第八講 屬靈的權柄,46,哥林多前書,9:1-9:27
545,唐佑之,54,1,第一講 苦澀與甘甜,26,以西結書,2:1-3:11
546,唐佑之,54,2,第二講 離愁與復合,26,以西結書,9:3-9:19
547,唐佑之,54,3,第三講虛 謊與真理,,,
548,唐佑之,54,4,第四講 脆弱與堅韌,26,以西結書,15:1-15:8
549,唐佑之,54,5,第五講 生命的定律,26,以西結書,18:1-18:4
550,唐佑之,54,6,第六講 守望的吶喊,26,以西結書,33:1-33:9
551,唐佑之,54,7,第七講 牧者的哀歌,26,以西結書,34:1-34:6
552,唐佑之,54,8,第八講 復興的景象,26,以西結書,37:1-37:10
553,唐佑之,54,9,第九講 增長的影響,26,以西結書,47:1-47:12
554,唐佑之,54,10,第十講 歷史的進程,26,以西結書,1:1-1:3
536,張慕皚,54,1,第一講 教會–基督的身體,,,
537,張慕皚,54,2,第二講 教會–基督的新婦,,,
538,張慕皚,54,3,第三講 教會–教會的牧養(一),,,
540,張慕皚,54,4,第四講 教會的牧養(二),,,
541,張慕皚,54,5,第五講 教會的見證,,,
542,張慕皚,54,6,第六講 天國的策略,,,
543,張慕皚,54,7,第七講 教會–聖靈的居所,,,
544,張慕皚,54,8,第八講 教會的使命,,,
528,馬有藻,54,1,第一講 馬太福音導論,,,
529,馬有藻,54,2,第二講 以色列的王來了,,,
530,馬有藻,54,3,第三講 以色列的王來了(續講一),,,
531,馬有藻,54,4,第四講 以色列的國度來了(續講二),40,馬太福音,5:17-7:29
532,馬有藻,54,5,第五講 以色列的王被棄絕了,,,
533,馬有藻,54,6,第六講 以色列的王被棄絕了(續講一),40,馬太福音,15:1-15:39
534,馬有藻,54,7,第七講 以色列的國度被奪去了,40,馬太福音,19:27-20:16
535,馬有藻,54,8,第八講 以色列的國度被奪去了(續講),,,
501,劉承業,55,1,第一講 導論與引言,21,傳道書,1:1-1:11
502,劉承業,55,2,第二講　體驗人生的虛空,21,傳道書,1:12-2:26
503,劉承業,55,3,第三講　觀察人生的虛空,21,傳道書,3:1-5:7
504,劉承業,55,4,第四講　福祿壽仍屬虛空,21,傳道書,5:8-6:12
505,劉承業,55,5,第五講　智慧人的體驗,21,傳道書,7:1-7:29
506,劉承業,55,6,第六講　智慧人接納神的主權,21,傳道書,8:1-9:12
507,劉承業,55,7,第七講　智慧面面觀,21,傳道書,9:3-10:20
508,劉承業,55,8,第八講　當未雨綢繆,21,傳道書,11:1-12:7
509,劉承業,55,9,第九講　總結 敬畏神的人生,21,傳道書,12:8-12:14
518,史保羅,55,1,第一講　教會何時需要復興,66,啟示錄,2:1-3:22
519,史保羅,55,2,第二講　教會如何可以復興,14,歷代志下,7:12-7:14
520,史保羅,55,3,第三講　教會復興帶來甚麼,,,
521,史保羅,55,4,第四講　聖靈與信徒,,,
522,史保羅,55,5,第五講　為何未被聖靈充滿,,,
523,史保羅,55,6,第六講　聖靈在信徒生命中的工作,,,
524,史保羅,55,7,第七講　如何引致聖靈擔憂,,,
525,史保羅,55,8,第八講　夜半呼聲,,,
526,史保羅,55,9,第九講　對冷淡信徒應負的責任,26,以西結書,3:17-3:19
527,史保羅,55,10,第十講　如何建立基督化的家庭,20,箴言,22:15-22:15
510,張子華,55,1,第一講　神對教會的呼召,46,哥林多前書,14:40-14:40
511,張子華,55,2,第二講　教會的紛爭,46,哥林多前書,1:10-1:17
512,張子華,55,3,第三講　教會與法院,46,哥林多前書,6:1-6:11
539,張子華,55,4,第四講　神的智慧,46,哥林多前書,1:18-4:5
513,張子華,55,5,第五講　教會在倫理上的破產與管教,46,哥林多前書,5:1-5:13
514,張子華,55,6,第六講　基督徒的獨身和婚姻,46,哥林多前書,7:1-7:40
515,張子華,55,7,第七講　基督徒在恩典中所享受的自由,46,哥林多前書,10:1-10:13
516,張子華,55,8,第八講　基督的自由和社交生活,46,哥林多前書,8:1-8:13
517,張子華,55,9,第九講　敬虔的崇拜生活,46,哥林多前書,11:1-11:34
368,林克己,56,1,第一講　耶和華的呼召（一節）,31,俄巴底亞書,1:1-1:1
370,林克己,56,2,第二講　耶和華的主權,31,俄巴底亞書,1:1-1:2
372,林克己,56,3,第三講　耶和華的偉大,31,俄巴底亞書,1:3-1:4
373,林克己,56,4,第四講　耶和華的提醒,31,俄巴底亞書,1:5-1:6
375,林克己,56,5,第五講　耶和華的警告,31,俄巴底亞書,1:7-1:7
376,林克己,56,6,第六講　耶和華的智慧,31,俄巴底亞書,1:8-1:9
378,林克己,56,7,第七講　耶和華的責備,31,俄巴底亞書,1:10-1:14
379,林克己,56,8,第八講　耶和華的審判,31,俄巴底亞書,1:15-1:16
381,林克己,56,9,第九講　耶和華的國度,31,俄巴底亞書,1:17-1:21
1387,楊濬哲,56,1,序,,,
402,高文,56,1,第一講　神的尊榮,66,啟示錄,4:1-4:8
404,高文,56,2,第二講　金的冠冕,66,啟示錄,4:9-4:10
406,高文,56,3,第三講　寶血買贖,66,啟示錄,5:1-5:10
407,高文,56,4,第四講　讚美的巔峰,66,啟示錄,5:11-5:14
409,高文,56,5,第五講　苦難為何延續,66,啟示錄,6:9-6:11
411,高文,56,6,第六講　神的拯救,66,啟示錄,7:9-7:10
412,高文,56,7,第七講　審判的確實,66,啟示錄,11:15-11:18
413,高文,56,8,第八講　得勝者的凱歌,66,啟示錄,12:10-12:12
415,高文,56,9,第九講　萬民的聚集,66,啟示錄,15:2-15:4
416,高文,56,10,第十講　羔羊的婚筵,66,啟示錄,19:1-19:9
382,麥希真,56,1,第一講　信神、信人、自信？,,,
384,麥希真,56,2,第二講　一個平凡基督徒的禱告生活,,,
386,麥希真,56,3,第三講　如何讀經，而且實行出來,,,
388,麥希真,56,4,第四講　今天如何能消除緊張,,,
389,麥希真,56,5,第五講　明天如何能保持堅忍,,,
391,麥希真,56,6,第六講　最有效的細胞小組 -- 家,,,
392,麥希真,56,7,第七講　金錢讓我們正視它,,,
396,麥希真,56,8,第八講　我們承擔了一個沉重的任務,,,
398,麥希真,56,9,第九講　成年人，還是青年人？,,,
491,滕近輝,57,1,第一講　詩篇中七幅復興的圖畫,19,詩篇,103:5-103:2
492,滕近輝,57,2,第二講　詩人奇妙的經歷,,,
493,滕近輝,57,3,第三講　詩篇中關於事奉的信息,19,詩篇,90:6-90:17
494,滕近輝,57,4,第四講　詩篇中神言的反合性功效,19,詩篇,119:1-119:176
495,滕近輝,57,5,第五講　詩入與神的深交,19,詩篇,22:1-22:1
496,滕近輝,57,6,第六講　詩篇中關於禱告的比喻,19,詩篇,18:28-18:2
497,滕近輝,57,7,第七講　神的四種言語,19,詩篇,19:1-19:14
498,滕近輝,57,8,第八講　詩人的喜樂,19,詩篇,106:5-106:19
500,滕近輝,57,9,第九講　熱愛聖殿聖城的詩篇,19,詩篇,84:1-84:2
499,滕近輝,57,10,第十講　熱愛聖殿聖城的詩篇,19,詩篇,122:1-122:9
482,艾榮,57,1,第一講　如今就不被定罪了,45,羅馬書,8:1-8:4
483,艾榮,57,2,第二講　公義的實踐,45,羅馬書,8:1-8:4
484,艾榮,57,3,第三講　公義與我們的頭腦,45,羅馬書,8:5-8:8
485,艾榮,57,4,第四講　煩惱的身體,45,羅馬書,8:9-8:13
486,艾榮,57,5,第五講　神的兒女,45,羅馬書,8:14-8:18
487,艾榮,57,6,第六講　誠懇的期望,45,羅馬書,8:19-8:25
488,艾榮,57,7,第七講　聖靈的時代,45,羅馬書,8:26-8:27
489,艾榮,57,8,第八講　神為人的計劃,45,羅馬書,8:28-8:30
490,艾榮,57,9,第九講　得勝有餘,45,羅馬書,8:31-8:39
472,鮑會園,57,1,第一講　摩利沙人彌迦──時代的先知,,,
473,鮑會園,57,2,第二講　信息的權威,33,彌迦書,1:1-1:7
475,鮑會園,57,3,第三講　擊打和醫治,33,彌迦書,1:8-1:16
476,鮑會園,57,4,第四講　罪中的大罪,33,彌迦書,2:1-2:13
477,鮑會園,57,5,第五講　假先知的路,33,彌迦書,3:1-3:12
478,鮑會園,57,6,第六講　榮耀的盼望,33,彌迦書,4:1-5:4
479,鮑會園,57,7,第七講　王的被拒絕,33,彌迦書,5:5-6:5
480,鮑會園,57,8,第八講　清楚的準則,33,彌迦書,6:6-6:16
481,鮑會園,57,9,第九講　奮興的道路,33,彌迦書,7:1-7:20
463,吳勇,58,1,第一講 教會的破口,,,
464,吳勇,58,2,第二講 沒落的教會,39,瑪拉基書,3:2-3:2
465,吳勇,58,3,第三講 隨從世俗的教會,,,
767,吳勇,58,4,第四講 教會的大使命,,,
467,吳勇,58,5,第五講 教會的人才,,,
468,吳勇,58,6,第六講 聖靈的果子,,,
469,吳勇,58,7,第七講 聖靈的能力,,,
470,吳勇,58,8,第八講 充滿聖靈,,,
471,吳勇,58,9,第九講 聖靈的工作,,,
455,張慕皚,58,1,第一講 基督教「時間觀」,55,提摩太後書,3:1-3:17
456,張慕皚,58,2,第二講 基督教「工作觀」,1,創世記,1:26-1:28
457,張慕皚,58,3,第三講 基督教「休閒觀」,5,申命記,5:12-5:15
458,張慕皚,58,4,第四講 基督教「財富觀」,54,提摩太前書,6:6-6:10
459,張慕皚,58,5,第五講 基督教「成功觀」,14,歷代志下,1:1-1:17
460,張慕皚,58,6,第六講 基督教「家庭觀」,49,以弗所書,5:22-5:22
461,張慕皚,58,7,第七講 基督教「政府觀」,45,羅馬書,13:1-13:7
462,張慕皚,58,8,第八講 基督教「豐盛人生觀」,43,約翰福音,10:10-10:10
447,焦源濂,58,1,第一講　領袖的鑑戒,8,路得記,1:1-1:5
448,焦源濂,58,2,第二講　好人的災難,8,路得記,1:1-1:15
449,焦源濂,58,3,第三講 神愛中的人,8,路得記,1:5-1:18
450,焦源濂,58,4,第四講 愛的跟隨,8,路得記,1:8-1:18
451,焦源濂,58,5,第五講 神的引導,8,路得記,1:15-1:18
452,焦源濂,58,6,第六講 希望的中心,8,路得記,1:15-1:18
453,焦源濂,58,7,第七講 安息的尋求,8,路得記,1:22-2:7
454,焦源濂,58,8,第八講 愛的真諦,8,路得記,2:16-2:21
1269,戴紹曾,59,1,第一講 亞伯拉罕,,,
1271,戴紹曾,59,2,第二講 約瑟,,,
1274,戴紹曾,59,3,第三講 摩西的生平,,,
1276,戴紹曾,59,4,第四講 摩西的見證,,,
1278,戴紹曾,59,5,第五講 約書亞和迦勒,,,
1279,戴紹曾,59,6,第六講 撒母耳,,,
1280,戴紹曾,59,7,第七講 大衞,,,
1281,戴紹曾,59,8,第八講 以斯帖,,,
1282,戴紹曾,59,9,第九講 但以理,,,
1283,戴紹曾,59,10,第十講 尼希米,,,
1388,楊濬哲,59,1,序,,,
1236,許道良,59,1,第一講 似是綑綁,,,
1237,許道良,59,2,第二講 落在地裡的一粒麥子,,,
1238,許道良,59,3,第三講 主人如此 何況僕人,,,
1239,許道良,59,4,第四講 沒有間隔的羊圈,,,
1240,許道良,59,5,第五講 葡萄樹上的枝子,,,
1243,許道良,59,6,第六講 沒有選擇的命令,,,
1245,許道良,59,7,第七講 肩負使命的客旅,,,
1249,許道良,59,8,第八講 愛的十字架,,,
1251,金新宇,59,1,第一講 神榮耀的統治,,,
1254,金新宇,59,2,第二講 耶穌基督是王,,,
1256,金新宇,59,3,第三講 先求祂的國 — 國度的重要性,,,
1257,金新宇,59,4,第四講 神的國 — 現在和將來,,,
1261,金新宇,59,5,第五講 國度與教會,,,
1264,金新宇,59,6,第六講 怎樣進神的國,,,
1265,金新宇,59,7,第七講 誰是天國的子民,,,
1267,金新宇,59,8,第八講 願祢的國降臨 — 國度與差傳,,,
1193,劉承業,60,1,第一講 得勝的先決條件,6,約書亞記,1:1-1:9
1194,劉承業,60,2,第二講 信心的榜樣,6,約書亞記,2:1-2:14
1195,劉承業,60,3,第三講 憑信的戰爭,6,約書亞記,3:1-3:11
1196,劉承業,60,4,第四講 神要作元帥,6,約書亞記,5:1-5:9
1200,劉承業,60,5,第五講 聖潔的重要,6,約書亞記,7:1-7:9
1202,劉承業,60,6,第六講 屬靈爭戰的策略,49,以弗所書,6:14-6:20
1205,劉承業,60,7,第七講 攻守的並重,6,約書亞記,11:16-11:23
1209,劉承業,60,8,第八講 領袖的質素,,,
1211,劉承業,60,9,第九講 同心與配搭,,,
1216,唐佑之,60,1,第一講 安慰,23,以賽亞書,40:1-40:10
1220,唐佑之,60,2,第二講 重新得力,23,以賽亞書,41:1-41:29
1222,唐佑之,60,3,第三講 見證,23,以賽亞書,43:1-43:28
1223,唐佑之,60,4,第四講 裝備,23,以賽亞書,44:1-49:26
1224,唐佑之,60,5,第五講 待命,23,以賽亞書,50:1-50:11
1226,唐佑之,60,6,第六講 更新,23,以賽亞書,51:1-52:15
1228,唐佑之,60,7,第七講 承受,23,以賽亞書,53:1-53:12
1229,唐佑之,60,8,第八講 捨上,23,以賽亞書,53:1-53:12
1231,唐佑之,60,9,第九講 展望,23,以賽亞書,54:1-54:17
1233,唐佑之,60,10,第十講 歌頌,23,以賽亞書,55:1-55:13
1389,楊濬哲,60,1,序,,,
1172,陳終道,60,1,第一講 第一個殉道士亞伯,1,創世記,4:1-4:8
1173,陳終道,60,2,第二講 劃時代的挪亞,1,創世記,5:28-5:29
1174,陳終道,60,3,第三講 隨處得勝的約瑟,1,創世記,37:1-37:36
1175,陳終道,60,4,第四講 神所尊重的摩西,4,民數記,12:1-12:9
1176,陳終道,60,5,第五講 看見異象的以賽亞,23,以賽亞書,6:1-6:13
1177,陳終道,60,6,第六講 嫉惡如仇的施洗約翰,40,馬太福音,3:1-3:17
1178,陳終道,60,7,第七講 勇敢殉道的司提反,44,使徒行傳,6:3-6:6
1179,陳終道,60,8,第八講 外邦使徒保羅,44,使徒行傳,9:1-9:9
1180,陳終道,60,9,第九講 永垂千古的平凡人,42,路加福音,1:38-1:12
1124,劉銳光,61,1,第一講 同心,44,使徒行傳,1:14-1:14
1125,劉銳光,61,2,第二講 相愛,44,使徒行傳,2:43-2:47
1127,劉銳光,61,3,第三講 禱告,44,使徒行傳,1:14-1:15
1130,劉銳光,61,4,第四講 能力,44,使徒行傳,1:8-1:33
1132,劉銳光,61,5,第五講 見證,44,使徒行傳,1:21-1:22
1133,劉銳光,61,6,第六講 喜樂,44,使徒行傳,2:46-2:47
1135,劉銳光,61,7,第七講 信仰純正,44,使徒行傳,9:20-9:22
1138,劉銳光,61,8,第八講 傳福音,44,使徒行傳,8:25-8:7
1139,劉銳光,61,9,第九講 聖靈,44,使徒行傳,1:2-1:2
1115,張子華,61,1,第一講 導論,,,
1116,張子華,61,2,第二講 亞伯拉罕的信心 (一),45,羅馬書,4:21-4:4
1117,張子華,61,3,第三講 亞伯拉罕的信心 (二),,,
1118,張子華,61,4,第四講 亞伯拉罕的信心 (三),,,
1119,張子華,61,5,第五講 亞伯拉罕的信心 (四),,,
1120,張子華,61,6,第六講 以撒的順服,,,
1121,張子華,61,7,第七講 雅各的真我作為,1,創世記,32:22-32:30
1122,張子華,61,8,第八講 約瑟的升高,,,
1123,張子華,61,9,第九講 約瑟的完美生命,,,
1141,韓力生,61,1,第一講 請看新約教會 (哥林多前書概覽),46,哥林多前書,1:1-1:7
1145,韓力生,61,2,第二講 人如何尋找神 (上),46,哥林多前書,1:10-1:31
1146,韓力生,61,3,第三講 人如何尋找神 (下),46,哥林多前書,2:1-2:16
1147,韓力生,61,4,第四講 建造的代價,46,哥林多前書,3:1-3:23
1149,韓力生,61,5,第五講 明確的判斷 — 動機,46,哥林多前書,4:1-4:21
1151,韓力生,61,6,第六講 明確的判斷 — 行為,46,哥林多前書,5:1-5:13
1153,韓力生,61,7,第七講 明確的判斷 — 爭執,46,哥林多前書,6:1-6:20
1155,韓力生,61,8,第八講 獨身或結婚 — 神的呼召,46,哥林多前書,7:1-7:40
1159,韓力生,61,9,第九講 恩賜的分配及規則,46,哥林多前書,12:1-12:31
1162,韓力生,61,10,第十講 神聖的潤滑劑,46,哥林多前書,13:1-13:13
1085,劉少康,62,1,第一講 重建的時機 — 尼希米的呼籲,,,
1086,劉少康,62,2,第二講 見證的重建 — 尼希米的領導,,,
1087,劉少康,62,3,第三講 敬拜的重建 — 以斯拉的行動,,,
1088,劉少康,62,4,第四講 心靈的重建 — 以斯拉的心志,,,
1089,劉少康,62,5,第五講 生活的重建 — 以斯拉的責備,,,
1090,劉少康,62,6,第六講 委身的重建 — 以斯帖的榜樣,,,
1091,劉少康,62,7,第七講 優次的重建 — 哈該的信息,,,
1092,劉少康,62,8,第八講 信心的重建 — 撒迦利亞的挑戰,,,
1093,劉少康,62,9,第九講 愛心的重建 — 瑪拉基的勸勉,,,
1094,杜偉力,62,1,第一講 往下扎根,19,詩篇,51:1-51:19
1096,杜偉力,62,2,第二講 往下扎根,,,
1098,杜偉力,62,3,第三講 往下扎根,,,
1102,杜偉力,62,4,第四講 往下扎根,,,
1105,杜偉力,62,5,第五講 向上結果,,,
1107,杜偉力,62,6,第六講 向上結果,,,
1109,杜偉力,62,7,第七講 向上結果,,,
1112,杜偉力,62,8,第八講 向上結果,,,
1113,杜偉力,62,9,第九講 向上結果,,,
1114,杜偉力,62,10,第十講 向上結果,19,詩篇,51:1-51:19
1284,楊濬哲,62,1,序,,,
1076,鮑會園,62,1,第一講 現實的智慧──分辨是非的禱告,50,腓立比書,1:9-1:19
1077,鮑會園,62,2,第二講 最好的選擇──活著就是基督,50,腓立比書,1:20-1:30
1078,鮑會園,62,3,第三講 努力的方向──同心合意的事奉,50,腓立比書,2:1-2:4
1079,鮑會園,62,4,第四講 完全的榜樣──以基督的心為心,50,腓立比書,2:5-2:11
1080,鮑會園,62,5,第五講 工作的目的──作成得救的工夫,50,腓立比書,2:12-2:18
1081,鮑會園,62,6,第六講 最高的願望 — 認識基督和祂的大能,50,腓立比書,3:1-3:11
1082,鮑會園,62,7,第七講 追求的目標 — 凡事作完全人,50,腓立比書,3:12-3:16
1083,鮑會園,62,8,第八講 生活的盼望 — 作天上的國民,50,腓立比書,3:17-4:3
1084,鮑會園,62,9,第九講 堅守的動力 — 靠主站立得穩,50,腓立比書,4:4-4:13
1035,劉東崑,63,1,第一講 神為何創造宇宙萬物,49,以弗所書,1:9-1:9
1036,劉東崑,63,2,第二講 神如何創造宇宙萬物,49,以弗所書,3:2-3:5
1037,劉東崑,63,3,第三講 神對宇宙萬有作如何安排,49,以弗所書,3:9-3:11
1038,劉東崑,63,4,第四講 神為何創造人類,23,以賽亞書,43:7-43:7
1039,劉東崑,63,5,第五講 神如何創造人類,,,
1040,劉東崑,63,6,第六講 神在人身上有預定的美意,49,以弗所書,1:9-1:11
1041,劉東崑,63,7,第七講 神如何成就祂的美意,40,馬太福音,22:14-22:14
1042,劉東崑,63,8,第八講 神安排時間、祂如何藉暫時成就永遠,21,傳道書,3:1-3:2
1043,劉東崑,63,9,第九講 人如何經歷時間進入永遠,49,以弗所書,3:2-3:11
1392,楊濬哲,63,1,序,,,
1066,麥希真,63,1,第一講 基督的原初,,,
1067,麥希真,63,2,第二講 基督的門徒,,,
1068,麥希真,63,3,第三講 基督的天國,,,
1069,麥希真,63,4,第四講 基督的教會,,,
1070,麥希真,63,5,第五講 基督的教導,,,
1071,麥希真,63,6,第六講 基督的愛顧,,,
1072,麥希真,63,7,第七講 基督的審判,,,
1073,麥希真,63,8,第八講 基督的再來,,,
1074,麥希真,63,9,第九講 基督的受死,,,
1075,麥希真,63,10,第十講 基督的復活,,,
1044,黃子嘉,63,1,第一講 盼望的生活,47,哥林多後書,5:9-5:10
1045,黃子嘉,63,2,第二講 信心的生活,58,希伯來書,11:39-11:39
1046,黃子嘉,63,3,第三講 愛心的生活,62,約翰一書,3:16-3:23
1047,黃子嘉,63,4,第四講 成聖的生活,45,羅馬書,1:7-1:7
1048,黃子嘉,63,5,第五講 得勝的生活,43,約翰福音,16:33-16:39
1049,黃子嘉,63,6,第六講 奉獻的生活,45,羅馬書,12:1-12:2
1063,黃子嘉,63,7,第七講 身體的生活,45,羅馬書,12:1-12:8
1064,黃子嘉,63,8,第八講 結果子的生活,51,歌羅西書,1:9-1:10
1065,黃子嘉,63,9,第九講 宣教的生活,40,馬太福音,12:18-12:40
1017,張慕皚,64,1,第一講 虛心 — 靈命成長的起點,40,馬太福音,5:1-5:3
1018,張慕皚,64,2,第二講 哀慟 — 洞悉人性的真面目,40,馬太福音,5:4-5:4
1019,張慕皚,64,3,第三講 溫柔 — 合乎中度的自我形象,40,馬太福音,5:5-5:5
1020,張慕皚,64,4,第四講 飢渴慕義 — 尋求活在神的旨意中,40,馬太福音,5:6-5:6
1021,張慕皚,64,5,第五講 憐恤 — 愛的實踐,40,馬太福音,5:2-5:2
1022,張慕皚,64,6,第六講 清心 — 邁向屬靈最高境界,40,馬太福音,5:8-5:8
1023,張慕皚,64,7,第七講 使人和睦 — 跟隨基督的腳蹤行,40,馬太福音,5:9-5:9
1024,張慕皚,64,8,第八講 為義受逼迫 — 背十字架跟隨主,40,馬太福音,5:10-5:12
1025,戴紹曾,64,1,第一講 誠心盼望得見耶穌,42,路加福音,2:25-2:38
1026,戴紹曾,64,2,第二講 博士遠來拜見耶穌,40,馬太福音,2:1-2:12
1027,戴紹曾,64,3,第三講 先鋒引人候見耶穌,43,約翰福音,1:29-1:34
1028,戴紹曾,64,4,第四講 夜裡先生訪見耶穌,43,約翰福音,3:1-3:21
1029,戴紹曾,64,5,第五講 井旁婦人遇見耶穌,43,約翰福音,4:27-4:42
1030,戴紹曾,64,6,第六講 變像山上只見耶穌,41,馬可福音,9:1-9:8
1031,戴紹曾,64,7,第七講 討飯瞎子看見耶穌,41,馬可福音,10:46-10:52
1032,戴紹曾,64,8,第八講 樹上撒該想見耶穌,42,路加福音,19:1-19:10
1033,戴紹曾,64,9,第九講 希利尼人求見耶穌,43,約翰福音,12:20-12:36
1034,戴紹曾,64,10,第十講 復活清晨去見耶穌,43,約翰福音,20:1-20:23
1391,楊濬哲,64,1,序,,,
1009,許道良,64,1,第一講 曙光遙望,,,
1010,許道良,64,2,第二講 手潔心清,60,彼得前書,1:16-1:16
1011,許道良,64,3,第三講 擇善棄惡,,,
1012,許道良,64,4,第四講 贏取汝心,,,
1013,許道良,64,5,第五講 為義受苦,,,
1014,許道良,64,6,第六講 責無旁貸,,,
1015,許道良,64,7,第七講 善牧楷模,,,
1016,許道良,64,8,第八講 步步為營,,,
983,周永健,65,1,第一講 神顧念我們──我下來是要救他們,2,出埃及記,1:1-2:25
984,周永健,65,2,第二講 神呼召我們事奉祂──我要打發你們去見法老,2,出埃及記,3:1-6:30
985,周永健,65,3,第三講 神用大能的手行奇事──埃及人就知道我是耶和華,2,出埃及記,7:1-12:51
986,周永健,65,4,第四講 神使我們得勝──耶和華必為你們爭戰,2,出埃及記,14:1-15:27
987,周永健,65,5,第五講 神將我們分別為聖──如鷹將你們背在翅膀上帶來歸我,2,出埃及記,19:1-19:25
988,周永健,65,6,第六講 神體恤我們的軟弱──耶和華是在我們中間不是,2,出埃及記,15:1-17:16
989,周永健,65,7,第七講 教導我們──我從天上和你們說話了,2,出埃及記,25:1-25:40
990,周永健,65,8,第八講 神與我們同在──使我可以住在他們中間,2,出埃及記,25:1-31:18
991,張慕皚,65,1,第一講 教會 — 末世的金燈臺,66,啟示錄,1:9-1:20
992,張慕皚,65,2,第二講 以弗所教會 — 愛的光輝,66,啟示錄,2:1-2:7
993,張慕皚,65,3,第三講 士每拿教會 — 苦難的光輝,66,啟示錄,2:8-2:11
994,張慕皚,65,4,第四講 別迦摩教會 — 聖潔生活的光輝,66,啟示錄,2:12-2:17
995,張慕皚,65,5,第五講 推雅推喇教會 — 職業的光輝,66,啟示錄,2:18-2:29
996,張慕皚,65,6,第六講 撒狄教會 — 生命更新的光輝,66,啟示錄,3:1-3:6
997,張慕皚,65,7,第七講 非拉鐵非教會 — 福音的光輝 (一),66,啟示錄,3:7-3:13
998,張慕皚,65,8,第八講 非拉鐵非教會 — 福音的光輝 (二),66,啟示錄,3:7-3:13
999,張慕皚,65,9,第九講 老底嘉教會 — 長久興旺的光輝 (一),66,啟示錄,3:14-3:22
1000,張慕皚,65,10,第十講 老底嘉教會 — 長久興旺的光輝 (二),66,啟示錄,3:14-3:22
1390,楊濬哲,65,1,序,,,
1001,褚永華,65,1,第一講 浪子的比喻,42,路加福音,15:11-15:32
1002,褚永華,65,2,第二講 撒種的比喻,41,馬可福音,4:1-4:20
1003,褚永華,65,3,第三講 財主與拉撒路的比喻,42,路加福音,16:19-16:31
1004,褚永華,65,4,第四講 好撒瑪利亞人的比喻,42,路加福音,10:25-10:37
1005,褚永華,65,5,第五講 十個童女的比喻,40,馬太福音,25:1-25:13
1006,褚永華,65,6,第六講 交銀僕人的比喻,40,馬太福音,25:14-25:30
1007,褚永華,65,7,第七講 無花果樹的比喻,41,馬可福音,11:12-11:21
1008,褚永華,65,8,第八講 葡萄園的比喻,40,馬太福音,20:1-20:16
973,沈保羅,66,1,第一講 祂到底是誰,,,
974,沈保羅,66,2,第二講 雙重的考慮,,,
975,沈保羅,66,3,第三講 死亡、苦難、害怕,,,
976,沈保羅,66,4,第四講 那時 : 誤會、挫折、拒絕,,,
977,沈保羅,66,5,第五講 這是我的愛子,,,
978,沈保羅,66,6,第六講 祂的人生,,,
979,沈保羅,66,7,第七講 在那裡吃,,,
980,沈保羅,66,8,第八講 戰勝驚恐,,,
981,沈保羅,66,9,第九講 地平線的那一邊,,,
982,沈保羅,66,10,第十講 愛的比較,,,
954,蘇穎智,66,1,第一講 在地如在天的敬拜,66,啟示錄,4:1-5:14
955,蘇穎智,66,2,第二講 浩劫當前 — 六印之災,66,啟示錄,6:1-7:17
956,蘇穎智,66,3,第三講 禍不單行 — 六號之災,66,啟示錄,8:1-9:21
957,蘇穎智,66,4,第四講 能帶給人出路的人,66,啟示錄,10:1-11:19
959,蘇穎智,66,5,第五講 神選民的仇敵,66,啟示錄,12:1-13:18
960,蘇穎智,66,6,第六講 窮途末路的地球 — 七碗之災,66,啟示錄,14:1-16:21
961,蘇穎智,66,7,第七講 必有後「福! 覆!」的大巴比倫,66,啟示錄,17:1-19:21
962,蘇穎智,66,8,第八講 大結局 — 有人快樂有人愁,66,啟示錄,19:1-20:15
963,蘇穎智,66,9,第九講 更美的家,66,啟示錄,21:1-22:21
964,韋理信,66,1,第一講 在動盪轉變的社會中需要一個至善至美的標準,61,彼得後書,1:3-1:3
965,韋理信,66,2,第二講 至善至美的標準之基礎 — 神寶貴極大的應許,61,彼得後書,1:4-1:4
966,韋理信,66,3,第三講 在信心德行上至善至美的標準,55,提摩太後書,1:5-1:5
967,韋理信,66,4,第四講 在知識上至善至美的標準,61,彼得後書,1:5-1:5
968,韋理信,66,5,第五講 在節制上至善至美的標準,61,彼得後書,1:6-1:6
969,韋理信,66,6,第六講 在忍耐上至善至美的標準,61,彼得後書,1:6-1:6
970,韋理信,66,7,第七講 在虔敬上至善至美的標準,61,彼得後書,1:6-1:6
971,韋理信,66,8,第八講 在愛弟兄和愛眾人上至善至美的標準,61,彼得後書,1:7-1:7
972,韋理信,66,9,第九講 如何達到至善至美的標準,61,彼得後書,1:8-1:11
945,滕近輝,67,1,第一講 國度真理的重要性,,,
946,滕近輝,67,2,第二講 舊約的國度,,,
947,滕近輝,67,3,第三講 國度的奧秘,,,
948,滕近輝,67,4,第四講 國度的原則,,,
949,滕近輝,67,5,第五講 國度的擴展,,,
950,滕近輝,67,6,第六講 國度的勝利,,,
951,滕近輝,67,7,第七講 國度的價值觀,,,
952,滕近輝,67,8,第八講 國度的本體與外延,,,
953,滕近輝,67,9,第九講 國度與得救的異同,,,
936,焦源濂,67,1,第一講 受苦之前的約伯 — 幸福的真諦,,,
937,焦源濂,67,2,第二講 大禍臨頭的約伯 — 靈界的奧秘,,,
938,焦源濂,67,3,第三講 面對災難的約伯 — 真人的真像 (一),,,
939,焦源濂,67,4,第四講 面對災難的約伯 — 真人的真像 (二),,,
940,焦源濂,67,5,第五講 面對災難的約伯 — 真人的真像 (三),,,
941,焦源濂,67,6,第六講 面對災難的約伯 — 真人的真像 (四),,,
942,焦源濂,67,7,第七講 面對災難的約伯 — 家庭的危機,,,
943,焦源濂,67,8,第八講 知友陪伴的約伯 — 肢體生活的榜樣,,,
944,焦源濂,67,9,第九講 知友陪伴的約伯 — 友誼的珍貴,,,
927,鮑會園,67,1,第一講 福音的託付,45,羅馬書,1:1-1:17
928,鮑會園,67,2,第二講 世人的需要,45,羅馬書,1:18-2:15
929,鮑會園,67,3,第三講 救恩的完成,45,羅馬書,3:21-3:31
930,鮑會園,67,4,第四講 救恩的功效,45,羅馬書,5:1-5:11
931,鮑會園,67,5,第五講 救恩的結果,45,羅馬書,6:1-6:23
932,鮑會園,67,6,第六講 實際的經驗,45,羅馬書,7:1-7:25
933,鮑會園,67,7,第七講 勝利的秘訣,45,羅馬書,8:1-8:25
934,鮑會園,67,8,第八講 生活的動力,45,羅馬書,12:1-12:21
935,鮑會園,67,9,第九講 教會的使命,45,羅馬書,15:20-15:33
911,吳勇,68,1,第一講 不把神當神,43,約翰福音,17:3-17:3
912,吳勇,68,2,第二講 離開與回來,26,以西結書,10:18-10:3
913,吳勇,68,3,第三講 三個願望,2,出埃及記,40:34-40:34
914,吳勇,68,4,第四講 屬肉體與屬靈,1,創世記,25:22-25:22
915,吳勇,68,5,第五講 生命的守護者,4,民數記,17:8-17:8
916,吳勇,68,6,第六講 火與水的異象,26,以西結書,47:5-47:5
917,吳勇,68,7,第七講 兩個安息,50,腓立比書,2:6-2:8
918,吳勇,68,8,第八講 約翰的補網,41,馬可福音,3:21-3:15
919,吳勇,68,9,第九講 復興的器皿,9,撒母耳記上,2:29-2:22
920,吳勇,68,10,第十講 人與路,44,使徒行傳,13:22-13:22
902,歐達,68,1,第一講 先知的險境,43,約翰福音,4:43-4:45
903,歐達,68,2,第二講 與主默契,19,詩篇,24:1-24:3
904,歐達,68,3,第三講 正直忠誠,19,詩篇,15:1-15:5
905,歐達,68,4,第四講 融和合一,43,約翰福音,4:19-4:24
906,歐達,68,5,第五講 竭誠事主,46,哥林多前書,12:1-12:7
907,歐達,68,6,第六講 潔淨純全,19,詩篇,119:9-119:9
908,歐達,68,7,第七講 門徒樣式,52,帖撒羅尼迦前書,1:6-1:10
909,歐達,68,8,第八講 福音使命,35,哈巴谷書,1:5-1:5
910,歐達,68,9,第九講 牧者的禱告,,,
893,蕭壽華,68,1,第一講 跟從耶穌到底是甚麼意思?,,,
894,蕭壽華,68,2,第二講 天國子民的品格與見證,,,
895,蕭壽華,68,3,第三講 超越文士的義(一),,,
896,蕭壽華,68,4,第四講 超越文士的義 (二),,,
897,蕭壽華,68,5,第五講 天國子民隱藏的操練,,,
898,蕭壽華,68,6,第六講 天國子民的人生目標,,,
899,蕭壽華,68,7,第七講 天國子民的「眼光」,,,
900,蕭壽華,68,8,第八講 天國子民的關係,,,
901,蕭壽華,68,9,第九講 天國子民的委身,,,
874,周永健,69,1,第一講 確認主權 經歷信實,,,
875,周永健,69,2,第二講 持定身份 聖潔自守,,,
876,周永健,69,3,第三講 恆常禱告 認罪祈求,,,
877,周永健,69,4,第四講 不拜別神 專心靠主,,,
878,周永健,69,5,第五講 謙卑自省 莫虧主恩,,,
879,周永健,69,6,第六講 回歸國土 同心建造,,,
880,周永健,69,7,第七講 合力互助 共度危難,,,
881,周永健,69,8,第八講 聆聽主道 樂意遵行,,,
882,陳黔開,69,1,第一講 教會 — 你既愛之，又…,,,
883,陳黔開,69,2,第二講 敬拜 — 參與或投入,,,
884,陳黔開,69,3,第三講 佈道 — 使萬民作門徒,,,
885,陳黔開,69,4,第四講 教導 — 學無止境,,,
886,陳黔開,69,5,第五講 禱告—誰曾與神款款深談呢？,,,
887,陳黔開,69,6,第六講 恩賜 — 你尚待發掘的是甚麼？,,,
888,陳黔開,69,7,第七講 肢體 — 你屬誰？,,,
889,陳黔開,69,8,第八講 受死 — 有益？死地？,,,
890,黃子嘉,69,1,第一講 福音是神彰顯榮耀與奧秘,45,羅馬書,1:1-1:32
891,黃子嘉,69,2,第二講 福音是神救人大能與大恩,45,羅馬書,1:1-1:32
892,黃子嘉,69,3,第三講 福音是神賜人因信而稱義也賜人平安喜樂,45,羅馬書,1:1-1:32
921,黃子嘉,69,4,第四講 福音是神使人成義與成聖,45,羅馬書,6:1-6:23
922,黃子嘉,69,5,第五講 福音是神賜人榮美與榮耀,45,羅馬書,8:1-8:39
923,黃子嘉,69,6,第六講 福音是神要人奉獻作活祭,45,羅馬書,12:1-12:21
924,黃子嘉,69,7,第七講 福音是神要建立榮耀教會,45,羅馬書,12:1-12:21
925,黃子嘉,69,8,第八講 福音是神要建立美善社會,45,羅馬書,12:1-12:21
926,黃子嘉,69,9,第九講 福音是神要託付榮耀使命,45,羅馬書,1:1-1:32
726,曾立華,70,1,第一講 為追求誠信正直感的禱告,,,
727,曾立華,70,2,第二講 在困境中勇於表達誠信正直的品格,50,腓立比書,1:12-1:20
728,曾立華,70,3,第三講 恰當的正直生活形態,50,腓立比書,1:21-1:30
729,曾立華,70,4,第四講 同心培育基督謙卑正直的氣質,50,腓立比書,2:1-2:11
730,曾立華,70,5,第五講 誠信正直的領袖,50,腓立比書,2:12-2:30
733,曾立華,70,6,第六講 獲得誠信正直質素的秘訣,50,腓立比書,3:1-3:16
735,曾立華,70,7,第七講 破壞誠信正直的因素,50,腓立比書,3:17-4:1
737,曾立華,70,8,第八講 整全誠信正直的生活,50,腓立比書,4:2-4:23
856,林三綱,70,1,第一講 所羅門 (耶底底亞) 生平,,,
857,林三綱,70,2,第二講 靈命經歷(1) 兩個心願(上),,,
858,林三綱,70,3,第三講 靈命經歷(1) 兩個心願(下),,,
859,林三綱,70,4,第四講 靈命經歷 (2) 躥山越嶺,,,
860,林三綱,70,5,第五講 靈命經歷 (3) 夜間的華轎,,,
861,林三綱,70,6,第六講 靈命經歷 (4) 患難與榮美,,,
862,林三綱,70,7,第七講 治國建殿,,,
863,林三綱,70,8,第八講 獻殿,,,
864,焦源濂,70,1,第一講 一個與弟兄迥別的青年,1,創世記,37:1-37:36
865,焦源濂,70,2,第二講 一個「作夢」的聖徒,1,創世記,37:1-37:36
866,焦源濂,70,3,第三講 人間辛酸備嘗,1,創世記,37:1-37:36
867,焦源濂,70,4,第四講 受大的打擊，更深的扎根,1,創世記,39:1-40:23
868,焦源濂,70,5,第五講 突然青雲直上,1,創世記,41:1-41:57
869,焦源濂,70,6,第六講 舊夢重提,1,創世記,41:1-42:38
870,焦源濂,70,7,第七講 卻沒有一個人能看透他,1,創世記,42:1-43:34
871,焦源濂,70,8,第八講 一羣真弟兄,1,創世記,44:1-45:28
872,焦源濂,70,9,第九講 甚麼是真的成就？,1,創世記,47:1-47:31
873,焦源濂,70,10,第十講 神的意思原是好的,1,創世記,50:1-50:26
741,劉承業,71,1,第一講 詩人為何要讚美？,,,
742,劉承業,71,2,第二講 「讚美詩」的讚美,,,
743,劉承業,71,3,第三講 「感恩詩」的讚美,,,
744,劉承業,71,4,第四講 「個人哀歌」的讚美,,,
745,劉承業,71,5,第五講 「團體哀歌」的讚美,,,
746,劉承業,71,6,第六講 苦難中的讚美,,,
747,劉承業,71,7,第七講 逆境中的讚美,,,
748,劉承業,71,8,第八講 如何實踐讚美,,,
24,滕近輝,71,1,第一講 真救主：七證,43,約翰福音,4:39-4:42
23,滕近輝,71,2,第二講 真葡萄樹,,,
22,滕近輝,71,3,第三講 真自由,43,約翰福音,8:31-8:36
21,滕近輝,71,4,第四講 真以色列人,43,約翰福音,1:43-1:46
20,滕近輝,71,5,第五講 真光,43,約翰福音,1:1-1:14
19,滕近輝,71,6,第六講 真門徒,43,約翰福音,8:31-8:31
18,滕近輝,71,7,第七講 真愛主,43,約翰福音,12:1-12:8
17,滕近輝,71,8,第八講 真敬拜 -- 聖禮的內在化,43,約翰福音,4:23-4:24
16,滕近輝,71,9,第九講 真事奉,43,約翰福音,7:18-7:18
9,滕近輝,71,10,第十講 真屬靈,43,約翰福音,16:13-16:13
749,盧家駇,71,1,第一講 貪愛世界,,,
753,盧家駇,71,2,第二講 離棄愛心,,,
756,盧家駇,71,3,第三講 取死身體,,,
760,盧家駇,71,4,第四講 忘掉委身,,,
763,盧家駇,71,5,第五講 隨流失去,,,
764,盧家駇,71,6,第六講 缺乏目標,,,
765,盧家駇,71,7,第七講 不傳福音,,,
766,盧家駇,71,8,第八講 抗拒使命,,,
643,張慕皚,72,1,第一講 內虛外暴的末世文化,40,馬太福音,24:1-24:51
644,張慕皚,72,2,第二講 在利己主義中邁向滅亡,40,馬太福音,24:1-24:51
645,張慕皚,72,3,第三講 根基毀壞，義人還能作甚麼？,27,但以理書,1:1-1:21
646,張慕皚,72,4,第四講 敵基督與全球化的災難,40,馬太福音,24:1-24:51
648,張慕皚,72,5,第五講 咆哮覓食的末世惡魔,49,以弗所書,6:1-6:24
650,張慕皚,72,6,第六講 面對惡魔，勝算在握,49,以弗所書,6:1-6:24
653,張慕皚,72,7,第七講 攜械披甲，嚴陣以待,49,以弗所書,6:1-6:24
655,張慕皚,72,8,第八講 深夜中的守望者,40,馬太福音,25:1-25:46
658,張慕皚,72,9,第九講 離開巴比倫大城的呼召,23,以賽亞書,52:1-52:15
660,張慕皚,72,10,第十講 主耶穌何時再來？,40,馬太福音,24:1-24:51
606,蘇穎睿,72,1,第一講 新與變,,,
607,蘇穎睿,72,2,第二講 見到就信？未必！,,,
609,蘇穎睿,72,3,第三講 跳下去！等陣先！,,,
612,蘇穎睿,72,4,第四講 封建枷鎖,,,
613,蘇穎睿,72,5,第五講 民以食為先,,,
615,蘇穎睿,72,6,第六講 是我，不要怕！,,,
616,蘇穎睿,72,7,第七講 重見光明,,,
617,蘇穎睿,72,8,第八講 等待難捱的日子,,,
619,蘇穎睿,72,9,第九講 生離死別,,,
622,陳濟民,72,1,第一講 耶穌的榮耀,,,
625,陳濟民,72,2,第二講 生命的賜與者,,,
627,陳濟民,72,3,第三講 從耶穌的「不孝」談起,,,
629,陳濟民,72,4,第四講 恨死了,,,
630,陳濟民,72,5,第五講 至死的愛,,,
631,陳濟民,72,6,第六講 知與信,,,
635,陳濟民,72,7,第七講 言與行,,,
637,陳濟民,72,8,第八講 怎有可能超越,,,
640,陳濟民,72,9,第九講 世人怎能信,,,
587,于力工,73,1,第一講 由眾到一讀經法：用全部《聖經》來讀一段話,,,
589,于力工,73,2,第二講 心理讀經法：用人的天性來讀主的話,,,
592,于力工,73,3,第三講 性格讀經法：用人的性格來讀主的話,,,
594,于力工,73,4,第四講 禱讀讀經法：用經文變成禱告的話語,,,
597,于力工,73,5,第五講 創意讀經法：用已存之事物加上新的功用,,,
598,于力工,73,6,第六講 由一到眾讀經法：用一處經文來看全部《聖經》的說明,,,
599,于力工,73,7,第七講 靈修讀經法：用靈修的基本方法來讀主的話,,,
600,于力工,73,8,第八講 邏輯讀經法：推理讀經、因果讀法,,,
601,于力工,73,9,第九講 三一讀經法：讀出神的性情來,,,
602,于力工,73,10,第十講 靈進讀經法：用靈命進深之系統來讀經,,,
556,李思敬,73,1,第一講 我父在天,,,
557,李思敬,73,2,第二講 願爾名聖，爾國臨格,,,
560,李思敬,73,3,第三講 爾旨得成，在地若天,,,
561,李思敬,73,4,第四講 所需之糧，今日賜我,,,
562,李思敬,73,5,第五講 我免人負，求免我負,,,
563,李思敬,73,6,第六講 俾勿我試，拯我出惡,,,
564,李思敬,73,7,第七講 以國、權、榮，皆爾所有,,,
566,李思敬,73,8,第八講 爰及世世，誠心所願,,,
568,李思敬,73,9,第九講 凡求者得也,,,
572,樓恩德,73,1,第一講 那人獨居不好,,,
573,樓恩德,73,2,第二講 罪就伏在門前,,,
575,樓恩德,73,3,第三講 漸漸挪移帳棚,,,
577,樓恩德,73,4,第四講 從暗笑到喜笑,,,
579,樓恩德,73,5,第五講 神必親自預備,,,
580,樓恩德,73,6,第六講 必在這地昌盛,,,
581,樓恩德,73,7,第七講 從不知到知道,,,
582,樓恩德,73,8,第八講 不然我就死了,,,
584,樓恩德,73,9,第九講 因信留下遺命,,,
434,戴紹曾,74,1,第一講 蒙召成為見證,49,以弗所書,4:1-4:1
435,戴紹曾,74,2,第二講 蒙召承受福氣,60,彼得前書,3:9-3:9
439,戴紹曾,74,3,第三講 蒙召得以自由,42,路加福音,5:1-5:13
440,戴紹曾,74,4,第四講 蒙召成為聖潔,46,哥林多前書,1:15-1:16
441,戴紹曾,74,5,第五講 蒙召與主聯合,46,哥林多前書,1:9-1:9
442,戴紹曾,74,6,第六講 蒙召得享平安,51,歌羅西書,3:15-3:15
443,戴紹曾,74,7,第七講 蒙召宣揚基督,60,彼得前書,2:9-2:10
444,戴紹曾,74,8,第八講 蒙召為主受苦,60,彼得前書,2:18-2:23
445,戴紹曾,74,9,第九講 蒙召得享榮耀,60,彼得前書,5:10-5:10
446,戴紹曾,74,10,第十講 蒙召殷勤堅定,61,彼得後書,1:10-1:10
419,江耀全,74,1,第一講 愛的福音,42,路加福音,4:14-4:21
420,江耀全,74,2,第二講 愛的順服,42,路加福音,1:46-1:56
421,江耀全,74,3,第三講 愛的恩典,42,路加福音,7:36-7:50
422,江耀全,74,4,第四講 愛的承擔,42,路加福音,10:25-10:37
423,江耀全,74,5,第五講 愛的服侍,42,路加福音,10:38-10:42
424,江耀全,74,6,第六講 愛的寬宏,42,路加福音,15:11-15:32
425,江耀全,74,7,第七講 愛的感恩,42,路加福音,17:11-17:19
426,江耀全,74,8,第八講 愛的相遇,42,路加福音,19:1-19:10
427,江耀全,74,9,第九講 愛的同在,42,路加福音,24:13-24:35
428,溫偉耀,74,1,第一講 軟弱與剛強 -- 寶貝與瓦器,47,哥林多後書,4:7-4:11
429,溫偉耀,74,2,第二講 從高峰到深淵 -- 「三層天」與「一根刺」,47,哥林多後書,12:1-12:10
430,溫偉耀,74,3,第三講 向人推薦自己 -- 怎樣給人留下深刻的印象？,47,哥林多後書,2:14-3:6
431,溫偉耀,74,4,第四講 誇口 -- 怎樣評價自己？,47,哥林多後書,11:21-11:33
432,溫偉耀,74,5,第五講 火浴鳳凰 -- 跟苦難交個朋友,47,哥林多後書,1:3-1:10
433,溫偉耀,74,6,第六講 榮光的職事 -- 上帝要怎樣的人去事奉祂？,47,哥林多後書,3:4-3:11
436,溫偉耀,74,7,第七講 「零風險」投資 -- 捐輸的屬靈策略與回報,47,哥林多後書,9:6-9:15
437,溫偉耀,74,8,第八講 新造的人 -- 活出轉化了的屬靈生命,47,哥林多後書,5:14-5:21
438,溫偉耀,74,9,第九講 今生與永恆 -- 灑脫而進取的生命情操,47,哥林多後書,5:1-5:10
399,焦源濂,75,1,第一分題：有福之人--第一講 蒙福的源頭,19,詩篇,1:1-1:6
400,焦源濂,75,2,第一分題：有福之人--第二講：蒙福的途徑,19,詩篇,1:1-1:6
401,焦源濂,75,3,第一分題：有福之人--第三講 蒙福的見證,19,詩篇,1:1-1:6
403,焦源濂,75,4,第一分題：有福之人--第四講 蒙福的為人,19,詩篇,1:1-1:6
405,焦源濂,75,5,第一分題：有福之人--第五講 蒙福的保証,19,詩篇,1:1-1:6
408,焦源濂,75,6,第二分題：詩的人生--第六講 人生之詩的秘訣,19,詩篇,23:1-23:6
410,焦源濂,75,7,第二分題：詩的人生--第七講 無憂無慮的人生,19,詩篇,23:1-23:6
414,焦源濂,75,8,第二分題：詩的人生--第八講 目標正確的人生,19,詩篇,23:1-23:6
417,焦源濂,75,9,第二分題：詩的人生--第九講 不畏艱苦的人生,19,詩篇,23:1-23:6
418,焦源濂,75,10,第二分題：詩的人生--第十講 經歷美好的人生,19,詩篇,23:1-23:6
383,蔡元雲,75,1,第一講 同進曠野：廿一世紀的試探,42,路加福音,4:1-4:44
385,蔡元雲,75,2,第二講 同登高山：廿一世紀的文化救贖,42,路加福音,6:1-6:49
387,蔡元雲,75,3,第三講 同背十架：廿一世紀的苦難,42,路加福音,9:1-9:62
390,蔡元雲,75,4,第四講 同闖禁區：廿一世紀的種族衝突,42,路加福音,10:1-10:42
393,蔡元雲,75,5,第五講 同動同靜：廿一世紀的屬靈操練,42,路加福音,10:1-11:54
394,蔡元雲,75,6,第六講 同尋迷羊：廿一世紀的浪子,42,路加福音,15:1-15:32
395,蔡元雲,75,7,第七講 同死同活：廿一世紀的能力危機,42,路加福音,23:1-24:53
397,蔡元雲,75,8,第八講 同被差遣：廿一世紀的普世宣教,42,路加福音,24:1-24:53
365,蕭壽華,75,1,第一講 只要剛強壯膽,6,約書亞記,1:1-1:18
366,蕭壽華,75,2,第二講 尋求真實的信心,6,約書亞記,2:1-2:24
367,蕭壽華,75,3,第三講 神在江河中開路,6,約書亞記,3:1-3:17
369,蕭壽華,75,4,第四講 調整與神的關係,6,約書亞記,5:1-5:15
371,蕭壽華,75,5,第五講 信靠順服中的得勝,6,約書亞記,6:1-6:21
374,蕭壽華,75,6,第六講 不容罪叫教會傾覆,6,約書亞記,7:1-7:26
377,蕭壽華,75,7,第七講 修築祭壇奉獻自己,6,約書亞記,8:30-8:35
380,蕭壽華,75,8,第八講 專心信靠跟隨神 - 迦勒的見證,6,約書亞記,14:6-14:15
338,李思敬,76,1,第一講 入門與定向,20,箴言,1:1-1:7
339,李思敬,76,2,第二講 動靜的抉擇,20,箴言,1:8-1:33
340,李思敬,76,3,第三講 敬虔還須正直,20,箴言,2:1-2:22
341,李思敬,76,4,第四講 說「不」的勇氣,20,箴言,3:1-3:35
342,李思敬,76,5,第五講 小心思想防線,20,箴言,4:1-5:6
343,李思敬,76,6,第六講 離惡莫猶豫,20,箴言,5:7-6:11
344,李思敬,76,7,第七講 還姦淫真面目,20,箴言,6:12-7:23
345,李思敬,76,8,第八講 明辨生與死,20,箴言,7:24-9:18
346,羅祖澄,76,1,第一講 基督徒的新生命,47,哥林多後書,5:11-5:21
347,羅祖澄,76,2,第二講 新生命的標誌,52,帖撒羅尼迦前書,1:1-1:3
348,羅祖澄,76,3,第三講 生命的重整,19,詩篇,127:1-127:5
349,羅祖澄,76,4,第四講 建立生命中的戰友,50,腓立比書,1:1-1:11
350,羅祖澄,76,5,第五講 超越生命的虛空,21,傳道書,2:1-2:11
351,羅祖澄,76,6,第六講 勝過生命的困鎖,43,約翰福音,20:19-20:23
352,羅祖澄,76,7,第七講 得力的生命,2,出埃及記,17:8-17:12
353,羅祖澄,76,8,第八講 甘受差遣的生命,23,以賽亞書,6:1-6:10
354,高文,76,1,第一講 耶穌基督是主,50,腓立比書,2:1-2:11
355,高文,76,2,第二講 選擇耶穌的窄路,40,馬太福音,7:13-7:14
356,高文,76,3,第三講 耶穌的邀請,42,路加福音,19:1-19:10
357,高文,76,4,第四講 為耶穌收割,43,約翰福音,4:31-4:42
358,高文,76,5,第五講 耶穌的大使命,40,馬太福音,28:16-28:20
359,高文,76,6,第六講 耶穌發出的決定性問題,43,約翰福音,21:15-21:24
360,高文,76,7,第七講 耶穌的同在,43,約翰福音,14:15-14:17
362,高文,76,8,第八講 耶穌所賜的復興,42,路加福音,24:44-24:49
363,高文,76,9,第九講 在耶穌的權柄裏得勝,66,啟示錄,12:10-12:12
364,高文,76,10,第十講 與耶穌同赴婚筵,66,啟示錄,19:1-19:9
319,吳獻章,77,1,第一講 永恒的託付──摩西,2,出埃及記,2:11-3:6
320,吳獻章,77,2,第二講 臥虎藏龍,9,撒母耳記上,16:1-16:13
321,吳獻章,77,3,第三講 權柄的失落──看父親的背影,10,撒母耳記下,15:13-15:8
322,吳獻章,77,4,第四講 被牧之羊,19,詩篇,23:1-23:6
323,吳獻章,77,5,第五講 危險的任務,23,以賽亞書,6:1-6:13
324,吳獻章,77,6,第六講 影響力的本質：名嘴背後,43,約翰福音,1:6-1:7
325,吳獻章,77,7,第七講 危險的試探,40,馬太福音,4:1-4:11
326,吳獻章,77,8,第八講 基督的震撼教育,41,馬可福音,15:37-16:8
327,吳獻章,77,9,第九講 異象．團隊．委身──聖靈．人與宣教,44,使徒行傳,16:1-16:10
328,盧家駇,77,1,第一講 起初的愛心,66,啟示錄,2:1-2:7
329,盧家駇,77,2,第二講 我愛我主教會,49,以弗所書,2:11-2:13
330,盧家駇,77,3,第三講 除去幽暗,45,羅馬書,7:21-7:25
331,盧家駇,77,4,第四講 心裡火熱,45,羅馬書,12:1-12:11
332,盧家駇,77,5,第五講 完全奉獻,44,使徒行傳,4:36-4:37
333,盧家駇,77,6,第六講 新命令,43,約翰福音,13:31-13:35
334,盧家駇,77,7,第七講 笑傲逆境,50,腓立比書,4:10-4:14
335,盧家駇,77,8,第八講 骨肉之親,45,羅馬書,9:1-9:3
336,盧家駇,77,9,第九講 遍傳地極,40,馬太福音,28:19-28:20
337,盧家駇,77,10,第十講 候主再臨,52,帖撒羅尼迦前書,4:13-4:18
310,鮑維均,77,1,第一講 神與我們同在,40,馬太福音,1:18-1:25
311,鮑維均,77,2,第二講 猶太人的王,40,馬太福音,2:1-2:12
312,鮑維均,77,3,第三講 曠野之旅,40,馬太福音,4:1-4:11
313,鮑維均,77,4,第四講 願你的國降臨,40,馬太福音,6:5-6:13
314,鮑維均,77,5,第五講 來跟從我,40,馬太福音,9:18-9:26
315,鮑維均,77,6,第六講 看卻看不見,40,馬太福音,13:1-13:23
316,鮑維均,77,7,第七講 七十個七次,40,馬太福音,18:21-18:35
317,鮑維均,77,8,第八講 二人成為一體,40,馬太福音,19:1-19:12
318,鮑維均,77,9,第九講 無辜之人的血,40,馬太福音,27:1-27:10
707,唐崇明,78,1,第一講 甘為愛奴獻一生,49,以弗所書,4:1-4:3
708,唐崇明,78,2,第二講 畢生所冀只為神,50,腓立比書,3:9-3:12
709,唐崇明,78,3,第三講 父事為念定終生,42,路加福音,2:41-2:52
710,唐崇明,78,4,第四講 愛得真誠愛得純,46,哥林多前書,13:1-13:13
711,唐崇明,78,5,第五講 心灰意冷點心燈,24,耶利米書,15:19-15:21
712,唐崇明,78,6,第六講 信實廣大全是恩,25,耶利米哀歌,3:19-3:27
713,唐崇明,78,7,第七講 展翅上騰破雲層,23,以賽亞書,40:27-40:31
719,唐崇明,78,8,第八講 旗開得勝奔前程,2,出埃及記,17:8-17:16
722,唐崇明,78,9,第九講 無愧工人逾千軍,55,提摩太後書,2:15-2:16
725,唐崇明,78,10,第十講 重新立志顧羊群,43,約翰福音,21:15-21:19
664,楊錫鏘,78,1,第一講 創造的主權,1,創世記,1:1-1:31
665,楊錫鏘,78,2,第二講 創造的設計（一）,1,創世記,1:1-1:10
666,楊錫鏘,78,3,第三講 創造的設計（二）,1,創世記,1:11-1:31
667,楊錫鏘,78,4,第四講 創造的意義,1,創世記,2:1-2:3
668,楊錫鏘,78,5,第五講 創造的禮物（一）,1,創世記,2:4-2:17
669,楊錫鏘,78,6,第六講 創造的禮物（二）,1,創世記,2:18-2:25
670,楊錫鏘,78,7,第七講 受造物的悖逆,1,創世記,3:1-3:7
671,楊錫鏘,78,8,第八講 受造物的審判,1,創世記,3:7-3:19
672,楊錫鏘,78,9,第九講 受造物的蒙恩,1,創世記,3:8-3:24
673,郭文池,78,1,第一講 重尋相交生活的豐盛,62,約翰一書,1:1-1:4
681,郭文池,78,2,第二講 重尋聖潔生活的豐盛,62,約翰一書,1:5-2:2
684,郭文池,78,3,第三講 重尋光明生活的豐盛,62,約翰一書,2:3-2:17
687,郭文池,78,4,第四講 重尋信心生活的豐盛,62,約翰一書,2:18-2:29
689,郭文池,78,5,第五講 重尋無罪生活的豐盛,62,約翰一書,3:1-3:10
694,郭文池,78,6,第六講 重尋靈裡生活的豐盛,62,約翰一書,3:11-4:6
695,郭文池,78,7,第七講 重尋相愛生活的豐盛,62,約翰一書,4:7-5:4
699,郭文池,78,8,第八講 重尋救恩生活的豐盛,62,約翰一書,5:5-5:12
702,郭文池,78,9,第九講 重尋平安生活的豐盛,62,約翰一書,5:13-5:21
291,奧思邦,79,1,第一講 比喻目的：回應呼召,41,馬可福音,4:1-4:20
292,奧思邦,79,2,第二講 神恩浩瀚，不可思議,42,路加福音,15:11-15:32
293,奧思邦,79,3,第三講 無知的人，罪有應得,42,路加福音,12:13-12:21
294,奧思邦,79,4,第四講 神發邀請，切勿推延,40,馬太福音,22:1-22:14
295,奧思邦,79,5,第五講 善牧耶穌，唯一門路,43,約翰福音,10:1-10:18
296,奧思邦,79,6,第六講 盡用資源，全為基督,42,路加福音,16:1-16:13
297,奧思邦,79,7,第七講 豈可或缺：彼此饒恕,40,馬太福音,18:21-18:35
298,奧思邦,79,8,第八講 信徒責任──才幹歸神,40,馬太福音,25:14-25:30
299,奧思邦,79,9,第九講 信徒生活──禱告核心,42,路加福音,11:1-11:13
300,張慕皚,79,1,第一講 回歸真愛的豐盛中,39,瑪拉基書,1:1-1:5
301,張慕皚,79,2,第二講 回歸真敬拜的豐盛中,39,瑪拉基書,1:6-1:14
302,張慕皚,79,3,第三講 回歸行道的豐盛中,39,瑪拉基書,2:1-2:9
303,張慕皚,79,4,第四講 回歸貞潔生活的豐盛中（一）,39,瑪拉基書,2:10-2:16
304,張慕皚,79,5,第五講 回歸貞潔生活的豐盛中（二）,39,瑪拉基書,2:10-2:16
305,張慕皚,79,6,第六講 回歸真信心的豐盛中,39,瑪拉基書,2:17-3:6
306,張慕皚,79,7,第七講 回歸物質生活的豐盛中,39,瑪拉基書,3:7-3:12
307,張慕皚,79,8,第八講 回歸真屬靈的生命中（一）,39,瑪拉基書,3:13-3:15
308,張慕皚,79,9,第九講 回歸真屬靈的豐盛中（二）,39,瑪拉基書,3:16-3:18
309,張慕皚,79,10,第十講 回歸真盼望的豐盛中,39,瑪拉基書,4:1-4:6
282,李寶珠,79,1,第一講 主題介紹──前因後果,,,
283,李寶珠,79,2,第二講 信的根據,,,
284,李寶珠,79,3,第三講 信的証據,,,
285,李寶珠,79,4,第四講 信的理據,,,
286,李寶珠,79,5,第五講 愛的模式,,,
287,李寶珠,79,6,第六講 愛的方式,,,
288,李寶珠,79,7,第七講 望的焦點,,,
289,李寶珠,79,8,第八講 望的眼光,,,
290,李寶珠,79,9,第九講 望的視力,,,
266,楊詠嫦,81,1,第一講 堅毅的神、千古不變的福音！,45,羅馬書,1:1-1:7
267,楊詠嫦,81,2,第二講 榮耀的神、重尋光環的福音！,45,羅馬書,1:18-3:20
268,楊詠嫦,81,3,第三講 大能的神、足能拯救的福音！,45,羅馬書,1:16-1:17
269,楊詠嫦,81,4,第四講 生命的神、與主聯合的福音！,45,羅馬書,6:1-8:4
270,楊詠嫦,81,5,第五講：為父的神、聖靈導航的福音！,45,羅馬書,8:1-8:39
271,楊詠嫦,81,6,第六講 偉大的神！偉大的福音！,45,羅馬書,9:1-11:36
272,楊詠嫦,81,7,第七講 潔的神、影響世界的福音！,45,羅馬書,12:1-13:14
273,楊詠嫦,81,8,第八講 獨一的神、主內合一的福音！,45,羅馬書,14:1-15:13
25,羅祖澄,81,1,第一講 激情為主、扎根真理,50,腓立比書,1:3-1:11
104,羅祖澄,81,2,第二講 激情動力：極不配的被愛者,45,羅馬書,5:1-5:11
105,羅祖澄,81,3,第三講 激情為主：愛在神家,62,約翰一書,1:1-1:7
106,羅祖澄,81,4,第四講 分題：激情為主：潔身自愛,45,羅馬書,8:5-8:13
107,羅祖澄,81,5,第五講 激情為主：一味款待,45,羅馬書,12:13-12:13
108,羅祖澄,81,6,第六講 激情為主：以善勝惡,45,羅馬書,12:14-12:21
109,羅祖澄,81,7,第七講 差傳激情：圈外有羊,43,約翰福音,10:11-10:16
110,羅祖澄,81,8,第八講 放心激情：萬事互相效力,45,羅馬書,8:28-8:30
111,羅祖澄,81,9,第九講 無悔激情：無比榮耀,47,哥林多後書,4:7-4:18
112,羅祖澄,81,10,第十講 持續激情：供應的主,43,約翰福音,21:1-21:14
274,賴建國,81,1,第一講 出埃及記總論,,,
275,賴建國,81,2,第二講 蒙召與啟示,2,出埃及記,3:1-3:22
276,賴建國,81,3,第三講 神蹟與拯救,2,出埃及記,5:1-12:51
277,賴建國,81,4,第四講 道路與引導,2,出埃及記,15:1-18:27
278,賴建國,81,5,第五講 立約與委身,2,出埃及記,19:1-19:25
279,賴建國,81,6,第六講 十誡與倫理,2,出埃及記,20:1-20:26
280,賴建國,81,7,第七講 敬拜與事奉,2,出埃及記,25:1-31:18
281,賴建國,81,8,第八講 危機與更新,2,出埃及記,32:1-34:35
132,余達心,82,1,第一講 《以弗所書》的歷史場景與主題,,,
134,余達心,82,2,第二講 浩大救恩的讚歌,49,以弗所書,1:1-1:23
135,余達心,82,3,第三講 從末世的亮光看自己,49,以弗所書,2:1-2:10
136,余達心,82,4,第四講 從浩瀚的救恩歷史看教會,49,以弗所書,3:1-3:21
137,余達心,82,5,第五講 末世的群體‧大能的子民,49,以弗所書,4:1-4:16
138,余達心,82,6,第六講 敢問我是誰——新造的人,49,以弗所書,4:17-5:21
139,余達心,82,7,第七講 新的生活‧新的家庭‧新的社會秩序,49,以弗所書,5:22-6:9
140,樓恩德,82,1,第一講 天國近了,40,馬太福音,3:1-3:12
141,樓恩德,82,2,第二講 神就是愛,46,哥林多前書,13:4-13:8
161,樓恩德,82,3,第三講 常常喜樂,50,腓立比書,4:4-4:7
162,樓恩德,82,4,第四講 締造和平,59,雅各書,3:13-3:18
163,樓恩德,82,5,第五講 恆久忍耐,45,羅馬書,5:1-5:5
164,樓恩德,82,6,第六講 恩慈相待,51,歌羅西書,3:12-3:17
165,樓恩德,82,7,第七講 追求良善,52,帖撒羅尼迦前書,5:15-5:22
166,樓恩德,82,8,第八講 神的信實,46,哥林多前書,10:1-10:13
167,樓恩德,82,9,第九講 溫柔的人,40,馬太福音,11:25-11:30
168,樓恩德,82,10,第十講 攻刻己身（節制）,46,哥林多前書,9:23-9:27
124,陳世協,82,1,第一講 我不甘心膽怯無力,6,約書亞記,1:1-1:18
125,陳世協,82,2,第二講 我不甘心無份救恩,6,約書亞記,2:1-2:24
126,陳世協,82,3,第三講 我不甘心臨陣退縮,6,約書亞記,3:1-3:17
127,陳世協,82,4,第四講 我不甘心遺忘歷史,6,約書亞記,4:1-4:24
128,陳世協,82,5,第五講 我不甘心魯莽誤事,6,約書亞記,5:1-5:15
129,陳世協,82,6,第六講 我不甘心仰賴自己,6,約書亞記,6:1-6:27
130,陳世協,82,7,第七講 我不甘心縱容罪惡,6,約書亞記,7:1-7:26
131,陳世協,82,8,第八講 我不甘心掉以輕心,6,約書亞記,8:1-8:35
796,蔡麗貞,83,1,第一講 如何教養下一代？ -- 信仰的傳承,9,撒母耳記上,2:11-2:12
804,蔡麗貞,83,2,第二講 約櫃流浪記,9,撒母耳記上,4:19-4:22
797,蔡麗貞,83,3,第三講 約櫃再度顯威 --上帝很危險！,9,撒母耳記上,6:20-6:21
798,陳耀鵬,83,1,第一講 八種心志、福隨而至,,,
799,陳耀鵬,83,2,第二講 虛懷若谷、心感不足,,,
800,陳耀鵬,83,3,第三講 哀哉世界、慟其變歪,,,
801,鮑維均,83,1,第一講 聖潔的事奉,2,出埃及記,3:1-3:12
802,鮑維均,83,2,第二講 剛強壯膽,6,約書亞記,1:1-1:9
803,鮑維均,83,3,第三講 福與禍,9,撒母耳記上,3:1-3:18
818,吳獻章,84,1,第一講 與彩虹有約,1,創世記,7:1-8:22
819,吳獻章,84,2,第二講 父親的背影,1,創世記,22:1-22:19
820,吳獻章,84,3,第三講 大人物的敗落,11,列王記上,11:1-11:13
821,吳獻章,84,4,第四講 生命的轉彎,19,詩篇,77:1-77:20
822,吳獻章,84,5,第五講 擱淺的日子,18,約伯記,1:13-1:19
823,吳獻章,84,6,第六講 眼光與不一樣的選擇,27,但以理書,1:1-1:16
824,吳獻章,84,7,第七講 寫墓碑,40,馬太福音,13:24-13:30
825,吳獻章,84,8,第八講 安全感的挑戰,40,馬太福音,14:22-14:33
826,吳獻章,84,9,第九講 屬靈七千萬,50,腓立比書,1:20-1:21
827,吳獻章,84,10,第十講 「明天過後」,66,啟示錄,6:9-6:17
805,嘉信,84,1,第一講（1/8) （尼一）：尼希米之特質之一《尼希米的禱告啟示神的七方面》,,,
806,嘉信,84,2,第二講 （2/8) （尼二）：尼希米之特質之二,,,
807,嘉信,84,3,第五講 (6/8) 得餵養的聖徒客旅,16,尼希米記,7:1-8:18
808,嘉信,84,4,第九講 (10/8) 改革的缺失,16,尼希米記,13:1-13:31
809,李健,84,1,第一講 以基督為中心的生活（一）,50,腓立比書,1:1-1:11
810,李健,84,2,第二講 劣境中的喜樂 -「這有何妨呢」,,,
811,李健,84,3,第三講 健全人格的特徵 - 喜樂,50,腓立比書,2:1-2:11
812,李健,84,4,第四講 生命成熟中的喜樂,50,腓立比書,2:12-2:18
813,李健,84,5,第五講 彼此同工中的喜樂,50,腓立比書,2:19-2:30
814,李健,84,6,第六講 提升正確價值觀的喜樂,50,腓立比書,3:1-3:11
815,李健,84,7,第七講 邁向未來的喜樂,50,腓立比書,3:12-3:21
816,李健,84,8,第八講 平安的喜樂,50,腓立比書,4:1-4:9
817,李健,84,9,第九講 施給與收受的喜樂的喜樂,50,腓立比書,4:10-4:23
837,區伯平,85,1,第一講 生兒育女人間世,1,創世記,11:10-11:26
838,區伯平,85,2,第二講 生離死別活下去,1,創世記,11:27-11:32
839,區伯平,85,3,第三講 生活奮鬥新機遇,1,創世記,12:1-12:8
840,區伯平,85,4,第四講 生存逆境亂陣腳,1,創世記,12:9-12:20
841,區伯平,85,5,第五講 生疏親情落寞心,1,創世記,13:5-13:18
842,區伯平,85,6,第六講 生財有道適取捨,1,創世記,14:14-14:24
843,區伯平,85,7,第七講 生機無奈求其次,1,創世記,15:1-15:6
844,區伯平,85,8,第八講 生不逢時誰之過,1,創世記,16:1-16:6
845,區伯平,85,9,第九講 生命迷宮怎續航,1,創世記,17:1-17:8
828,李思敬,85,1,第一講 禱告揀選,44,使徒行傳,1:1-1:14
829,李思敬,85,2,第二講 臨在與澆灌,44,使徒行傳,2:1-2:42
830,李思敬,85,3,第三講 增長與突破,44,使徒行傳,6:1-6:7
831,李思敬,85,4,第四講 差遣與順服,44,使徒行傳,11:1-11:18
832,李思敬,85,5,第五講 爭議與合一,44,使徒行傳,13:1-13:3
833,李思敬,85,6,第六講 按手與充滿,44,使徒行傳,18:24-19:7
834,李思敬,85,7,第七講 膏立與綑綁,44,使徒行傳,20:17-20:38
835,李思敬,85,8,第八講 囚禁與見證,44,使徒行傳,22:3-22:21
836,李思敬,85,9,第九講 癲狂與成敗,44,使徒行傳,28:17-28:28
846,費蘭度,85,1,第一講 履行愛心之道,46,哥林多前書,12:1-12:31
847,費蘭度,85,2,第二講 比恩賜及委身更大的愛,46,哥林多前書,13:1-13:3
848,費蘭度,85,3,第三講 要得忍耐的掙扎 1,46,哥林多前書,13:4-13:4
849,費蘭度,85,4,第四講 要得忍耐的掙扎 2,46,哥林多前書,13:4-13:4
850,費蘭度,85,5,第五講 徹底的仁慈,46,哥林多前書,13:4-13:4
851,費蘭度,85,6,第六講 得勝嫉妒,46,哥林多前書,13:4-13:4
852,費蘭度,85,7,第七講 傲慢乃軟弱的記號,46,哥林多前書,13:5-13:5
853,費蘭度,85,8,第八講 對人敏感，向神降服,46,哥林多前書,13:4-13:4
854,費蘭度,85,9,第九講 忿怒 — 道德之人的缺點,46,哥林多前書,13:5-13:5
855,費蘭度,85,10,第十講 愛的人生才是值得的,46,哥林多前書,13:7-13:7
205,郭文池,86,1,第一講 認識「大」時代,,,
206,郭文池,86,2,第二講 聖靈同在的英雄──俄陀聶,7,士師記,3:7-3:11
207,郭文池,86,3,第三講 勢孤力薄的英雄──以笏,7,士師記,3:12-3:31
208,郭文池,86,4,第四講 螳臂擋車的英雌──底波拉,7,士師記,4:1-4:16
209,郭文池,86,5,第五講 無名小卒的英雄──基甸,7,士師記,7:1-7:25
210,郭文池,86,6,第六講 街頭戰士的英雄──耶弗他,7,士師記,11:1-11:11
211,郭文池,86,7,第七講 難過美色的英雄──參孫,7,士師記,16:1-16:22
218,郭文池,86,8,第八講 認識「真」英雄,7,士師記,17:1-18:31
195,陳恩明,86,1,第一講 喜樂的代禱者,50,腓立比書,1:1-1:11
196,陳恩明,86,2,第二講 豁達的傳道者,50,腓立比書,1:12-1:30
197,陳恩明,86,3,第三講 效法基督的團體,50,腓立比書,2:1-2:11
198,陳恩明,86,4,第四講 光芒四射的生命,50,腓立比書,2:12-2:18
199,陳恩明,86,5,第五講 值得敬重的人,50,腓立比書,2:19-2:30
200,陳恩明,86,6,第六講 辨別真偽的福音,50,腓立比書,3:1-3:9
201,陳恩明,86,7,第七講 持定目標追隨基督,50,腓立比書,3:10-3:16
202,陳恩明,86,8,第八講 天上國民榮耀盼望,50,腓立比書,3:17-3:21
203,陳恩明,86,9,第九講 以主為樂，為主而活,50,腓立比書,4:1-4:9
204,陳恩明,86,10,第十講 總要滿足，主必供應,50,腓立比書,4:10-4:23
187,黃朱倫,86,1,第一講 當壞事發生在好人身上,21,傳道書,7:15-7:29
188,黃朱倫,86,2,第二講 有錢萬事足？,21,傳道書,10:19-10:17
189,黃朱倫,86,3,第三講人生交響曲？,19,詩篇,13:1-13:6
190,黃朱倫,86,4,第四講 信靠與智慧的人生,19,詩篇,73:1-73:28
191,黃朱倫,86,5,第五講 不能熄滅的愛：戀人與戀格,22,雅歌,1:2-1:8
192,黃朱倫,86,6,第六講 不能熄滅的愛：尋常中的不尋常,22,雅歌,1:9-2:7
193,黃朱倫,86,7,第七講 不能熄滅的情：真愛與委身,22,雅歌,2:8-3:5
194,黃朱倫,86,8,第八講 不能熄滅的愛：愛情與結合,22,雅歌,3:6-5:1
231,曾立華,87,1,第一講 高接觸的透心安慰,23,以賽亞書,40:1-40:11
232,曾立華,87,2,第二講 神使困乏者得力飛揚,23,以賽亞書,40:12-40:31
233,曾立華,87,3,第三講: 得神佑助心無所懼,23,以賽亞書,41:1-41:20
234,曾立華,87,4,第四講：神在困擾世情中恩情盡顯,23,以賽亞書,43:1-43:7
235,曾立華,87,5,第五講：劃時代飛躍新境界,23,以賽亞書,43:14-43:18
236,曾立華,87,6,第六講：不可思議的大成就,23,以賽亞書,44:24-45:19
237,曾立華,87,7,第七講 在偶像文化氛圍下的底線,23,以賽亞書,46:1-47:15
238,曾立華,87,8,第八講 最安全系統指引你前程,23,以賽亞書,48:1-48:22
212,萊特,87,1,第一講 回顧與前瞻,5,申命記,1:1-1:36
213,萊特,87,2,第二講 認識主你的神，再無別神,5,申命記,4:1-4:40
214,萊特,87,3,第三講 竭盡人生，愛主你的神,5,申命記,1:1-1:36
215,萊特,87,4,第四講 不論順逆，記念主你的上帝,5,申命記,8:1-8:20
216,萊特,87,5,第五講 遵行主你的神Walk in the Ways of the Lord Your God,5,申命記,10:12-10:19
217,萊特,87,6,第六講 慷慨與公義 Generosity and Justice,5,申命記,15:1-15:18
219,萊特,87,7,第七講 守約：祝福與聽從 Covenant Blessing; Covenant Obedience,5,申命記,26:1-26:19
220,萊特,87,8,第八講 生死的抉擇 A Life and Death Choice,5,申命記,30:1-30:20
221,蔡元雲,87,1,第一講 榮耀神子降世：時代更新、萬有革新,43,約翰福音,1:1-9:34
222,蔡元雲,87,2,第二講 榮耀的生命師父：生命更新、門訓革新,43,約翰福音,1:35-1:51
223,蔡元雲,87,3,第三講 榮耀的權柄與身體：酒的更新、皮袋革新,43,約翰福音,2:1-2:25
224,蔡元雲,87,4,第四講 榮耀的永生神：人的重生、宗教革新,43,約翰福音,3:1-3:36
225,蔡元雲,87,5,第五講 榮耀的彌賽亞：敬拜更新、文化革新,43,約翰福音,4:1-4:42
226,蔡元雲,87,6,第六講 榮耀的醫者：醫治更新、召命革新,43,約翰福音,5:1-5:31
227,蔡元雲,87,7,第七講 榮耀生命的糧：救恩更新、合一革新,43,約翰福音,6:1-6:71
228,蔡元雲,87,8,第八講 榮耀的活水：聖靈更新、建制革新,43,約翰福音,7:1-7:52
229,蔡元雲,87,9,第九講 榮耀的好牧人：為羊捨命、牧養革新,43,約翰福音,10:1-10:42
230,蔡元雲,87,10,第十講 榮耀的復活主：復活生命、差傳革新,43,約翰福音,11:1-11:53
256,陳方,88,1,第一講 第一優先,23,以賽亞書,6:1-6:5
257,陳方,88,2,第二講 莫忘主恩,19,詩篇,103:1-103:5
258,陳方,88,3,第三講 絕不放棄,59,雅各書,1:12-1:12
259,陳方,88,4,第四講 化解宿怨,1,創世記,41:51-41:52
260,陳方,88,5,第五講 愛的真諦,1,創世記,41:51-41:52
261,陳方,88,6,第六講 求主鍳察,19,詩篇,139:1-139:12
262,陳方,88,7,第七講 信心凱歌,19,詩篇,27:1-27:14
263,陳方,88,8,第八講 舉目向田,43,約翰福音,4:31-4:38
264,陳方,88,9,第九講 興旺福音,50,腓立比書,1:1-1:11
265,陳方,88,10,第十講 終極無憾,14,歷代志下,14:2-14:5
239,馮浩鎏,88,1,第一講 疾風勁草–站在破口的摩西,2,出埃及記,24:12-24:18
240,馮浩鎏,88,2,第二講 永不言棄—與馬賽跑的耶利米,24,耶利米書,1:1-1:10
241,馮浩鎏,88,3,第三講 巔峰幽谷—重新上路的以利亞,11,列王記上,19:1-19:8
242,馮浩鎏,88,4,第四講 不再懼怕—寂寂無名的傳道者,44,使徒行傳,11:19-11:26
243,馮浩鎏,88,5,第五講 僕人敬聽—為神發聲的撒母耳,9,撒母耳記上,3:19-4:1
244,馮浩鎏,88,6,第六講 無僞無悔—眾所周知的保羅,44,使徒行傳,20:17-20:35
245,馮浩鎏,88,7,第七講 不再一樣—自我隱藏的路加,42,路加福音,1:1-1:4
246,馮浩鎏,88,8,第八講 仍有恩典—強差人意的馬可,44,使徒行傳,15:36-15:41
247,馮浩鎏,88,9,第九講 幕後英雌—甘心盡獻的生命,42,路加福音,8:1-8:3
248,麥漢勳,88,1,第一講 步履基督的腳蹤,43,約翰福音,12:23-12:26
249,麥漢勳,88,2,第二講 放下自己,43,約翰福音,13:1-13:17
250,麥漢勳,88,3,第三講 愛無底線,43,約翰福音,13:31-13:35
251,麥漢勳,88,4,第四講 別有懷抱,43,約翰福音,14:1-14:15
252,麥漢勳,88,5,第五講 深度結連,43,約翰福音,14:16-14:31
253,麥漢勳,88,6,第六講 常在主裡,43,約翰福音,15:1-15:8
254,麥漢勳,88,7,第七講 走進苦難,43,約翰福音,15:18-15:26
255,麥漢勳,88,8,第八講 合而為一,43,約翰福音,17:1-17:26
178,戴繼宗,89,1,第一講 足能侍立,27,但以理書,1:3-1:7
179,戴繼宗,89,2,第二講 永固磐石,27,但以理書,2:17-2:23
180,戴繼宗,89,3,第三講 即或不然,27,但以理書,3:16-3:18
181,戴繼宗,89,4,第四講 安逸中的喚醒【等你知道】,27,但以理書,4:13-4:17
182,戴繼宗,89,5,第五講 指頭的指示,27,但以理書,5:25-5:28
183,戴繼宗,89,6,第六講 封石坑、封獅口,27,但以理書,6:21-6:23
184,戴繼宗,89,7,第七講 無窮盡的國度,27,但以理書,7:11-7:14
185,戴繼宗,89,8,第八講 荒涼中的懺悔,27,但以理書,9:20-9:23
186,戴繼宗,89,9,第九講 勇於成為一個但以理,27,但以理書,12:1-12:3
169,曹偉彤,89,1,第一講 先知蒙召,24,耶利米書,1:1-1:19
170,曹偉彤,89,2,第二講 不忠信的子民,24,耶利米書,3:1-4:4
171,曹偉彤,89,3,第三講 神的宣戰,24,耶利米書,4:1-4:31
172,曹偉彤,89,4,第四講 不再行惡,24,耶利米書,7:1-7:15
173,曹偉彤,89,5,第五講 神的哀傷,24,耶利米書,8:18-9:3
174,曹偉彤,89,6,第六講 先知的認信,24,耶利米書,11:18-12:6
175,曹偉彤,89,7,第七講 先知的行動,24,耶利米書,13:1-13:11
176,曹偉彤,89,8,第八講 平安的盼望,24,耶利米書,29:1-29:23
177,曹偉彤,89,9,第九講 建立與栽植,24,耶利米書,31:1-31:6
113,曾金發,89,1,第一講 傳道書概覽：尋索人生意義,21,傳道書,1:1-1:3
114,曾金發,89,2,第二講 滿足的尋索,21,傳道書,1:3-1:11
115,曾金發,89,3,第三講 世人的智慧的愚蠢,21,傳道書,1:12-1:18
116,曾金發,89,4,第四講 成功人生的新義,21,傳道書,2:1-2:26
117,曾金發,89,5,第五講 美滿人生的四大障礙,21,傳道書,3:1-3:22
118,曾金發,89,6,第六講 墮入「表現」的迷惘,21,傳道書,4:1-4:16
119,曾金發,89,7,第七講 錢！錢！錢！,21,傳道書,5:1-5:20
120,曾金發,89,8,第八講 為「短暫」所困！,21,傳道書,5:1-5:20
121,曾金發,89,9,第九講 途中四危,21,傳道書,7:1-7:29
122,曾金發,89,10,第十講 傳道書重溫──活出以神為中心的生命,21,傳道書,11:9-12:14
80,呂紹昌,90,1,第一講 呼召與生命,23,以賽亞書,6:1-6:13
81,呂紹昌,90,2,第二講 救恩與讚美,23,以賽亞書,12:1-12:6
82,呂紹昌,90,3,第三講 列國與神國,23,以賽亞書,19:18-19:25
83,呂紹昌,90,4,第四講 應許與等候,23,以賽亞書,30:19-30:26
84,呂紹昌,90,5,第五講 安慰與榮耀,23,以賽亞書,40:1-40:11
85,呂紹昌,90,6,第六講 僕人與典範,23,以賽亞書,52:13-53:12
86,呂紹昌,90,7,第七講 救恩與見證,23,以賽亞書,56:1-56:9
87,呂紹昌,90,8,第八講 信心與生活,23,以賽亞書,58:1-58:14
88,呂紹昌,90,9,第九講 傳揚與榮耀,23,以賽亞書,62:1-62:12
142,陳世欽,90,1,第一講 重思信靠耶穌基督的信仰意義,51,歌羅西書,2:6-2:10
143,陳世欽,90,2,第二講 跟隨耶穌基督的實踐意義,42,路加福音,5:1-5:11
144,陳世欽,90,3,第三講 跟隨耶穌基督的關鍵要求,42,路加福音,9:57-9:62
145,陳世欽,90,4,第四講 你真的跟隨耶穌基督？,55,提摩太後書,4:9-4:18
146,陳世欽,90,5,第五講 活出全新的你,19,詩篇,127:1-127:5
147,陳世欽,90,6,第六講 活出不再一樣的生命,51,歌羅西書,3:1-3:4
148,陳世欽,90,7,第七講 活出順服敬畏的生命,44,使徒行傳,4:12-4:22
149,陳世欽,90,8,第八講 活出勇往向前的生命,50,腓立比書,3:7-3:14
150,陳世欽,90,9,第九講 委身於耶穌基督的大使命,40,馬太福音,9:35-9:38
151,陳世欽,90,10,第十講 履行橄欖山上的使命,44,使徒行傳,1:8-1:11
152,鮑維均,90,1,第一講 何謂培靈？,9,撒母耳記上,16:1-16:13
153,鮑維均,90,2,第二講 與誰爭戰？,9,撒母耳記上,17:1-17:11
154,鮑維均,90,3,第三講 太子何功？,9,撒母耳記上,20:5-20:17
155,鮑維均,90,4,第四講 愚頑何在？,9,撒母耳記上,25:23-25:31
156,鮑維均,90,5,第五講 躍舞何罪？,10,撒母耳記下,6:12-6:23
157,鮑維均,90,6,第六講 誰建誰家？,10,撒母耳記下,7:1-7:17
158,鮑維均,90,7,第七講 誰的公理?,10,撒母耳記下,12:1-12:15
159,鮑維均,90,8,第八講 自命清高？,10,撒母耳記下,22:1-22:17
160,鮑維均,90,9,第九講 後悔是誰？,10,撒母耳記下,24:10-24:25
61,吳振智,91,1,第一講 重遇聖牧,19,詩篇,23:1-23:1
62,吳振智,91,2,第二講 還欠甚麼,19,詩篇,23:1-23:1
63,吳振智,91,3,第三講 安躺安歇,19,詩篇,23:2-23:2
64,吳振智,91,4,第四講 靈魂甦醒,19,詩篇,23:3-23:3
65,吳振智,91,5,第五講 奉主之名 / 奉主行義,19,詩篇,23:3-23:3
66,吳振智,91,6,第六講 穿越死蔭,19,詩篇,23:4-23:4
67,吳振智,91,7,第七講 杖竿縱橫,19,詩篇,23:4-23:4
68,吳振智,91,8,第八講 敵前設筵,19,詩篇,23:5-23:5
69,吳振智,91,9,第九講 膏油福杯,19,詩篇,23:5-23:5
70,吳振智,91,10,第十講 只有一事,19,詩篇,23:6-23:6
52,莊達睿,91,1,第一講 耳聽，眼看！,42,路加福音,8:1-8:15
53,莊達睿,91,2,第二講 驚喜果子纍纍！,42,路加福音,8:1-8:15
54,莊達睿,91,3,第三講 奢華無度！,42,路加福音,11:1-11:13
55,莊達睿,91,4,第四講 眾僕之僕！,42,路加福音,12:35-12:40
56,莊達睿,91,5,第五講 「小」與「藏」的能力！,42,路加福音,13:10-13:21
57,莊達睿,91,6,第六講 當耶穌赴筵,42,路加福音,14:1-14:15
58,莊達睿,91,7,第七講 愛得毫無顧忌,42,路加福音,15:1-15:32
59,莊達睿,91,8,第八講 愛得更無顧忌,42,路加福音,15:1-15:32
60,莊達睿,91,9,第九講 只要不住祈求！,42,路加福音,18:1-18:8
71,蕭壽華,91,1,第一講 以馬內利必要再來,66,啟示錄,21:1-21:8
72,蕭壽華,91,2,第二講 我們的復活是怎樣的？,46,哥林多前書,15:35-15:38
73,蕭壽華,91,3,第三講 主再來的預兆,40,馬太福音,24:3-24:44
74,蕭壽華,91,4,第四講 儆醒預備交帳,40,馬太福音,25:1-25:30
75,蕭壽華,91,5,第五講 神公義的審判,45,羅馬書,2:1-2:11
76,蕭壽華,91,6,第六講 祂要再來，無懼試驗,60,彼得前書,1:3-1:9
77,蕭壽華,91,7,第七講 殷勤配合天召,61,彼得後書,1:1-1:11
78,蕭壽華,91,8,第八講 「主耶穌啊，我願你來！」,47,哥林多後書,5:1-7:15
79,蕭壽華,91,9,第九講 要得神在基督裡從上面召我來得的獎賞！,50,腓立比書,3:2-3:21
26,戴浩輝,92,1,第一講 回應召命,26,以西結書,2:1-3:3
27,戴浩輝,92,2,第二講 警醒守望,26,以西結書,3:16-3:21
28,戴浩輝,92,3,第三講 生命載道,26,以西結書,4:4-5:4
29,戴浩輝,92,4,第四講 堵塞破口,26,以西結書,13:1-13:23
30,戴浩輝,92,5,第五講 更新重建,26,以西結書,36:16-36:38
31,戴浩輝,92,6,第六講 復興異象,26,以西結書,37:1-37:14
32,戴浩輝,92,7,第七講 萬世戰爭,26,以西結書,38:1-38:23
33,戴浩輝,92,8,第八講 恩澤世界,26,以西結書,47:1-47:12
34,郭文池,92,1,第一講 三一真神的教會,49,以弗所書,1:1-1:14
35,郭文池,92,2,第二講 何等榮耀的教會,49,以弗所書,1:15-1:23
36,郭文池,92,3,第三講 出死入生的教會,49,以弗所書,2:1-2:10
37,郭文池,92,4,第四講 拆牆建橋的教會,49,以弗所書,2:11-2:22
38,郭文池,92,5,第五講 榮辱共存的教會,49,以弗所書,3:1-3:21
39,郭文池,92,6,第六講 合而為一的教會,49,以弗所書,4:1-4:16
40,郭文池,92,7,第七講 分別為聖的教會,49,以弗所書,4:17-5:2
41,郭文池,92,8,第八講 棄暗投明的教會,49,以弗所書,5:3-5:21
42,郭文池,92,9,第九講 家庭為本的教會,49,以弗所書,5:22-6:9
43,郭文池,92,10,第十講 為主爭戰的教會,49,以弗所書,6:10-6:24
44,陳琛儀,92,1,第一講 我極愛聽神的話,19,詩篇,119:1-119:8
45,陳琛儀,92,2,第二講 神能使我脫離恐懼,19,詩篇,119:25-119:40
46,陳琛儀,92,3,第三講 神導引的光明人生,19,詩篇,119:97-119:104
47,陳琛儀,92,4,第四講 我已找到生命幸福之源,19,詩篇,119:9-119:11
48,陳琛儀,92,5,第五講 神必能救我出死入生,19,詩篇,119:65-119:88
49,陳琛儀,92,6,第六講 神賜我喜樂今生永生下半生,19,詩篇,119:25-119:160
50,陳琛儀,92,7,第七講 我願一生靠主愛主遵從主,19,詩篇,119:89-119:90
51,陳琛儀,92,8,第八講 神的榮耀在我生命中,19,詩篇,119:7-119:176
2,吳獻章,93,1,第一講 從囚衣到彩衣,19,詩篇,105:16-105:24
3,吳獻章,93,2,第二講 人生的上山與下山,4,民數記,10:11-14:12
4,吳獻章,93,3,第三講 從聖經看世俗化,7,士師記,19:1-21:25
97,吳獻章,93,4,第四講 限制級傳道,23,以賽亞書,20:1-20:6
98,吳獻章,93,5,第五講 聖經看權位與權威,27,但以理書,7:1-7:14
99,吳獻章,93,6,第六講 其實你不懂我的心,32,約拿書,4:1-4:11
100,吳獻章,93,7,第七講 你可以更靠近我一點了,39,瑪拉基書,1:2-1:6
101,吳獻章,93,8,第八講 明天過後──末後測不準原理,40,馬太福音,24:25-24:51
102,吳獻章,93,9,第九講 聖經看衝突：教義與教牧,44,使徒行傳,15:1-15:21
103,吳獻章,93,10,第十講 永恆選邊站──末世雙城記,66,啟示錄,21:1-21:8
7,梁國權,93,1,第一講 約書亞記導論,,,
8,梁國權,93,2,第二講 我豈沒有吩咐你麼？你當剛強壯膽,6,約書亞記,1:1-1:9
10,梁國權,93,3,第三講 耶和華你們的神本是上天下地的神,6,約書亞記,2:1-2:24
11,梁國權,93,4,第四講 因為這條路你們向來沒有走過,6,約書亞記,3:1-4:24
12,梁國權,93,5,第五講 我今日將埃及的羞辱從你們身上輥去了,6,約書亞記,5:1-6:27
13,梁國權,93,6,第六講 他在以色列中行了愚妄的事,6,約書亞記,7:1-8:29
14,梁國權,93,7,第七講 基遍人設詭計？,6,約書亞記,9:1-9:27
15,梁國權,93,8,第八講 至於我和我家，我們必定事奉耶和華,6,約書亞記,24:1-24:33
96,麥凱歷,93,1,第一講 真信心堅定持久,59,雅各書,1:1-1:18
95,麥凱歷,93,2,第二講 真信心服從真道,59,雅各書,1:19-1:27
94,麥凱歷,93,3,第三講 真信心不偏待人,59,雅各書,2:1-2:13
93,麥凱歷,93,4,第四講 真信心付諸實踐,59,雅各書,2:14-2:26
92,麥凱歷,93,5,第五講 真信心表於言詞,59,雅各書,3:1-3:12
91,麥凱歷,93,6,第六講 真信心全然謙卑,59,雅各書,3:13-4:12
90,麥凱歷,93,7,第七講 真信心忍耐等候,59,雅各書,4:13-5:12
89,麥凱歷,93,8,第八講 真信心懇切禱告,59,雅各書,5:13-5:20
1291,李思敬,94,1,第一講 全能父上帝,1,創世記,17:1-17:27
1292,李思敬,94,2,第二講 造光又造暗,23,以賽亞書,44:24-45:17
1294,李思敬,94,3,第三講 主耶穌基督,40,馬太福音,1:1-1:25
1301,李思敬,94,4,第四講 童女和巡撫,9,撒母耳記上,1:1-1:28
1304,李思敬,94,5,第五講 而且埋葬了,32,約拿書,1:17-2:10
1307,李思敬,94,6,第六講 坐在神右邊,58,希伯來書,10:10-10:25
1316,李思敬,94,7,第七講 再來的審判,29,約珥書,3:1-3:21
1317,李思敬,94,8,第八講 聖靈與教會,26,以西結書,37:1-37:14
1318,李思敬,94,9,第九講 這就是永生,66,啟示錄,21:1-22:5
1288,柯貝爾,94,1,第一講 慈憐撫摸的心（與痲瘋病人相遇）,41,馬可福音,1:40-1:44
1295,柯貝爾,94,2,第二講 善解人意的心（與百夫長相遇）,40,馬太福音,8:5-8:13
1296,柯貝爾,94,3,第三講 關懷憐憫的心（與兩位女兒相遇）,41,馬可福音,5:25-5:42
1300,柯貝爾,94,4,第四講 坦誠對質的心（與法利賽人西門相遇）,42,路加福音,7:36-7:50
1303,柯貝爾,94,5,第五講 恩及迷羊的心（與迦南婦人相遇）,40,馬太福音,15:21-15:28
1308,柯貝爾,94,6,第六講 使人復原的心（與瞎子相遇）,41,馬可福音,8:22-8:26
1313,柯貝爾,94,7,第七講 轉化生命的心（與撒該相遇）,42,路加福音,19:1-19:10
1314,柯貝爾,94,8,第八講 饒恕寬容的心（與淫婦相遇）,43,約翰福音,8:1-8:11
1315,柯貝爾,94,9,第九講 發出挑戰的心（與彼拉多相遇）,43,約翰福音,18:1-19:42
1299,鮑維均,94,1,第一講 那日子，那時辰,40,馬太福音,24:32-24:44
1297,鮑維均,94,2,第二講 定這世代的罪,11,列王記上,10:1-10:10
1298,鮑維均,94,3,第三講 駕著天雲而來,27,但以理書,6:16-6:28
1302,鮑維均,94,4,第四講 有深淵限定,42,路加福音,16:19-16:31
1305,鮑維均,94,5,第五講 世上的信德,42,路加福音,18:1-18:8
1306,鮑維均,94,6,第六講 公義與憐憫,1,創世記,18:22-18:33
1309,鮑維均,94,7,第七講 那大罪人,53,帖撒羅尼迦後書,2:1-2:12
1310,鮑維均,94,8,第八講 我常與你們同在,40,馬太福音,28:16-28:20
1311,鮑維均,94,9,第九講 起來，我們走吧！,43,約翰福音,14:1-14:4
1312,鮑維均,94,10,第十講 誠信真實,66,啟示錄,19:11-19:16
1561,周曉暉,95,1,第一講 快意恩仇,1,創世記,34:1-34:7
1562,周曉暉,95,2,第二講 事奉疑惑,2,出埃及記,6:10-7:7
1563,周曉暉,95,3,第三講 顯主為聖,3,利未記,10:1-10:20
1564,周曉暉,95,4,第四講 備受針對,4,民數記,16:1-16:7
1565,周曉暉,95,5,第五講 產業何在,5,申命記,18:1-18:14
1566,周曉暉,95,6,第六講 公義憐憫,6,約書亞記,20:1-20:9
1567,周曉暉,95,7,第七講 屬靈塗裝,7,士師記,17:7-17:13
1568,周曉暉,95,8,第八講 敬聽主言,9,撒母耳記上,2:12-2:36
1569,周曉暉,95,9,第九講 熱心聽命,10,撒母耳記下,6:1-6:15
1552,柴培爾,95,1,第一講 出於喜樂的大能,42,路加福音,17:7-17:10
1554,柴培爾,95,2,第二講 連於基督得新生,48,加拉太書,2:20-2:20
1555,柴培爾,95,3,第三講 帶着頌讚而悔改,41,馬可福音,10:17-10:22
1556,柴培爾,95,4,第四講 純為慈悲所激動,45,羅馬書,12:1-12:2
1557,柴培爾,95,5,第五講 存到永遠的善工,19,詩篇,112:1-112:10
1558,柴培爾,95,6,第六講 無法討回的公道,40,馬太福音,20:1-20:16
1559,柴培爾,95,7,第七講 有所要求的福音,58,希伯來書,13:1-13:5
1560,柴培爾,95,8,第八講 帶着大能的福音,51,歌羅西書,3:1-3:5
1553,柴培爾,95,9,第九講 無遠弗屆的福音,44,使徒行傳,13:1-13:12
1570,馮浩鎏,95,1,第一講 學習等候,44,使徒行傳,1:1-1:14
1571,馮浩鎏,95,2,第二講 聖靈臨在,44,使徒行傳,2:1-2:21
1572,馮浩鎏,95,3,第三講 迎向考驗,44,使徒行傳,4:23-4:31
1573,馮浩鎏,95,4,第四講 福音橋樑,44,使徒行傳,8:4-8:8
1574,馮浩鎏,95,5,第五講 凝聚分散,44,使徒行傳,11:19-11:30
1575,馮浩鎏,95,6,第六講 仍有恩典,44,使徒行傳,13:1-13:5
1576,馮浩鎏,95,7,第七講 敞開的門,44,使徒行傳,16:1-16:34
1577,馮浩鎏,95,8,第八講 為主冒險,44,使徒行傳,18:1-18:4
1578,馮浩鎏,95,9,第九講 走完路程,44,使徒行傳,20:17-20:38
1579,馮浩鎏,95,10,第十講 暴風之上,44,使徒行傳,27:14-27:26
1606,費蘭度,96,1,第一講 - 我們所敬拜的上帝：進堂禮頌,19,詩篇,24:1-24:10
1609,費蘭度,96,2,第二講 - 不義世代的忠信：群體哀歌,19,詩篇,12:1-12:8
1612,費蘭度,96,3,第三講 - 嘗一嘗主恩的良善：感恩之歌,19,詩篇,34:1-34:22
1613,費蘭度,96,4,第四講 - 當上帝看似很遙遠：個人哀歌,19,詩篇,42:1-42:11
1618,費蘭度,96,5,第五講 - 主是避難所和力量：錫安之歌,19,詩篇,46:1-46:11
1619,費蘭度,96,6,第六講 - 歌唱讚美我們君王：頌讚之歌,19,詩篇,47:1-47:9
1620,費蘭度,96,7,第七講 - 心扉全敞開的懺悔：個人哀歌,19,詩篇,51:1-51:19
1621,費蘭度,96,8,第八講 - 向萬國宣教的挑戰：群體感恩,19,詩篇,67:1-67:7
1622,費蘭度,96,9,第九講 - 罪世中的屬天智慧：智慧詩篇,19,詩篇,73:1-73:28
1623,費蘭度,96,10,第十講 - 懷抱希望勤勞作工：上行之歌,19,詩篇,126:1-126:6
1605,陳廷忠,96,1,第一講 - 亞伯拉罕：面對生死，我作出了毫無選擇的選擇,1,創世記,22:1-22:14
1608,陳廷忠,96,2,第二講 - 雅各：我怕得要死，可我必須活下去,1,創世記,32:22-32:32
1611,陳廷忠,96,3,第三講 - 摩西：我還是死了吧！反正活著是失敗的,4,民數記,11:10-11:15
1616,陳廷忠,96,4,第四講 - 以利亞：我還是死了吧，留下只是活受罪,11,列王記上,19:1-19:18
1617,陳廷忠,96,5,第五講 - 約拿 -- 我還是死了吧！反正活著要面對顛倒的世界,32,約拿書,4:1-4:11
1624,陳廷忠,96,6,第六講 - 約伯：我不怕死，可我要活得明白,18,約伯記,30:18-30:31
1625,陳廷忠,96,7,第七講 - 耶利米：活著真難，可說真話更難,24,耶利米書,15:10-15:18
1630,陳廷忠,96,8,第八講 - 但以理與三友：我們慶幸不須作出生與死的抉擇,27,但以理書,3:8-3:18
1631,陳廷忠,96,9,第九講 - 保羅：無論是生、是死，我都學會了,50,腓立比書,4:8-4:14
1604,黃福光,96,1,第一講 - 逾越節：一個紀念、慶祝和期待的節日,2,出埃及記,12:1-12:14
1607,黃福光,96,2,第二講 - 荒野之路：上主的道路是最好的路,2,出埃及記,13:17-13:22
1610,黃福光,96,3,第三講 - 嗎哪：我們日用的飲食，今日賜給我們,2,出埃及記,16:1-16:4
1614,黃福光,96,4,第四講 - 埋怨的主題：當救贖遇上現實,2,出埃及記,17:1-17:7
1615,黃福光,96,5,第五講 - 十誡：新子民的指南,2,出埃及記,20:1-20:17
1626,黃福光,96,6,第六講 - 奴僕的誡命：已然未然,2,出埃及記,21:1-21:11
1627,黃福光,96,7,第七講 - 以眼還眼：律法與道德的原則,2,出埃及記,21:23-21:25
1628,黃福光,96,8,第八講 - 摩西的兩個要求：上帝的赦免和同行,2,出埃及記,33:1-33:3
1629,黃福光,96,9,第九講 - 曠野的會幕：一個敬拜之旅,2,出埃及記,40:34-40:38
